DROP DATABASE vk;
CREATE DATABASE vk;


USE vk;

#
# TABLE STRUCTURE FOR: communities
#

DROP TABLE IF EXISTS `communities`;

CREATE TABLE `communities` (
  `id` int(10) unsigned NOT NULL AUTO_INCREMENT COMMENT 'Row id',
  `name` varchar(150) COLLATE utf8_unicode_ci NOT NULL COMMENT 'Communitie name',
  `created_at` datetime DEFAULT current_timestamp() COMMENT 'Creation time',
  `updated_at` datetime DEFAULT current_timestamp() ON UPDATE current_timestamp() COMMENT 'Update time',
  PRIMARY KEY (`id`),
  UNIQUE KEY `name` (`name`)
) ENGINE=InnoDB AUTO_INCREMENT=48 DEFAULT CHARSET=utf8 COLLATE=utf8_unicode_ci COMMENT='Communities';

INSERT INTO `communities` (`id`, `name`, `created_at`, `updated_at`) VALUES (1, 'Similique inventore eos voluptate suscipit.', '2020-08-08 07:25:57', '2020-09-26 23:04:01');
INSERT INTO `communities` (`id`, `name`, `created_at`, `updated_at`) VALUES (2, 'Sunt ex iure eligendi sit hic distinctio.', '2020-05-29 10:03:23', '2020-09-25 06:18:07');
INSERT INTO `communities` (`id`, `name`, `created_at`, `updated_at`) VALUES (3, 'Quasi ea saepe maiores aut nisi aut.', '2020-07-12 11:14:44', '2020-09-24 04:23:07');
INSERT INTO `communities` (`id`, `name`, `created_at`, `updated_at`) VALUES (4, 'Dolor sit ipsa a.', '2020-08-25 06:38:22', '2020-10-11 23:31:25');
INSERT INTO `communities` (`id`, `name`, `created_at`, `updated_at`) VALUES (5, 'Voluptas error cum neque eaque alias eum quisquam.', '2019-11-30 04:46:30', '2020-10-07 08:47:10');
INSERT INTO `communities` (`id`, `name`, `created_at`, `updated_at`) VALUES (6, 'Accusamus vel dignissimos tenetur incidunt id corporis enim incidunt.', '2020-07-26 21:46:55', '2020-09-23 19:05:20');
INSERT INTO `communities` (`id`, `name`, `created_at`, `updated_at`) VALUES (7, 'Cupiditate dolorem eligendi eos sed ullam.', '2020-01-08 17:21:45', '2020-10-04 10:16:18');
INSERT INTO `communities` (`id`, `name`, `created_at`, `updated_at`) VALUES (8, 'Eum mollitia quo inventore soluta unde quia.', '2020-08-07 03:47:57', '2020-10-13 17:29:59');
INSERT INTO `communities` (`id`, `name`, `created_at`, `updated_at`) VALUES (9, 'Ducimus sed et modi sed vitae voluptatem dolor.', '2020-01-02 09:10:11', '2020-10-11 05:15:16');
INSERT INTO `communities` (`id`, `name`, `created_at`, `updated_at`) VALUES (10, 'Et cumque quibusdam id provident a.', '2019-11-16 22:44:00', '2020-09-19 18:45:06');
INSERT INTO `communities` (`id`, `name`, `created_at`, `updated_at`) VALUES (11, 'Eos unde est vel quia.', '2020-01-23 23:56:48', '2020-10-11 11:04:17');
INSERT INTO `communities` (`id`, `name`, `created_at`, `updated_at`) VALUES (12, 'Et doloremque nemo eos earum enim quia rerum in.', '2020-01-02 19:23:53', '2020-09-24 16:16:02');
INSERT INTO `communities` (`id`, `name`, `created_at`, `updated_at`) VALUES (13, 'Temporibus nesciunt at debitis tenetur qui voluptatem.', '2020-01-29 09:52:02', '2020-10-08 19:24:21');
INSERT INTO `communities` (`id`, `name`, `created_at`, `updated_at`) VALUES (14, 'Corrupti et nesciunt in qui officiis laboriosam.', '2019-11-26 07:32:10', '2020-10-10 23:17:36');
INSERT INTO `communities` (`id`, `name`, `created_at`, `updated_at`) VALUES (15, 'Repellendus possimus delectus ut quis dolor quae cupiditate sint.', '2020-06-28 00:09:47', '2020-09-24 09:50:29');
INSERT INTO `communities` (`id`, `name`, `created_at`, `updated_at`) VALUES (16, 'Quasi rerum aut sed ad eligendi totam repudiandae.', '2020-08-29 01:21:36', '2020-09-15 05:20:42');
INSERT INTO `communities` (`id`, `name`, `created_at`, `updated_at`) VALUES (17, 'Quo esse quia sit corrupti doloremque.', '2020-04-24 16:24:02', '2020-09-29 21:46:53');
INSERT INTO `communities` (`id`, `name`, `created_at`, `updated_at`) VALUES (18, 'Officia aut omnis fuga facilis molestiae omnis est possimus.', '2019-12-15 17:36:36', '2020-10-03 04:44:44');
INSERT INTO `communities` (`id`, `name`, `created_at`, `updated_at`) VALUES (19, 'Amet necessitatibus sit ut vel.', '2020-05-19 03:37:08', '2020-10-10 03:13:39');
INSERT INTO `communities` (`id`, `name`, `created_at`, `updated_at`) VALUES (20, 'Minus veniam maiores asperiores.', '2020-05-06 15:03:36', '2020-09-27 14:44:23');
INSERT INTO `communities` (`id`, `name`, `created_at`, `updated_at`) VALUES (21, 'Officia molestiae optio officia ut similique et.', '2020-06-12 01:15:01', '2020-09-29 14:11:00');
INSERT INTO `communities` (`id`, `name`, `created_at`, `updated_at`) VALUES (22, 'Commodi dolor necessitatibus harum quidem deserunt.', '2020-01-10 16:16:55', '2020-09-28 18:09:37');
INSERT INTO `communities` (`id`, `name`, `created_at`, `updated_at`) VALUES (23, 'Porro nihil qui doloremque corporis autem vel.', '2019-12-27 02:58:46', '2020-09-16 03:55:57');
INSERT INTO `communities` (`id`, `name`, `created_at`, `updated_at`) VALUES (24, 'Unde ipsam molestiae corrupti.', '2020-02-29 17:36:27', '2020-09-22 11:46:53');
INSERT INTO `communities` (`id`, `name`, `created_at`, `updated_at`) VALUES (25, 'Laudantium ducimus cumque alias aliquam ducimus distinctio laboriosam.', '2020-06-15 06:55:01', '2020-09-17 05:29:54');
INSERT INTO `communities` (`id`, `name`, `created_at`, `updated_at`) VALUES (26, 'Facere alias corrupti repellat officia autem non.', '2019-10-18 20:02:26', '2020-09-26 22:29:17');
INSERT INTO `communities` (`id`, `name`, `created_at`, `updated_at`) VALUES (27, 'Voluptate rerum aut architecto labore aspernatur.', '2019-11-03 20:55:16', '2020-10-12 04:11:10');
INSERT INTO `communities` (`id`, `name`, `created_at`, `updated_at`) VALUES (28, 'Quasi nulla dolorem nemo.', '2019-11-18 20:13:55', '2020-10-08 00:36:10');
INSERT INTO `communities` (`id`, `name`, `created_at`, `updated_at`) VALUES (29, 'At aut dolore pariatur facere ut.', '2019-12-04 23:51:54', '2020-09-22 23:26:07');
INSERT INTO `communities` (`id`, `name`, `created_at`, `updated_at`) VALUES (30, 'Dolores officiis sit sequi voluptatum et.', '2019-12-11 19:10:04', '2020-09-28 05:14:38');
INSERT INTO `communities` (`id`, `name`, `created_at`, `updated_at`) VALUES (31, 'Repellendus non molestiae eaque sint atque voluptatem.', '2020-08-15 01:31:21', '2020-09-16 10:41:18');
INSERT INTO `communities` (`id`, `name`, `created_at`, `updated_at`) VALUES (32, 'Tenetur autem commodi ut at sed veniam hic illo.', '2020-07-22 14:39:16', '2020-09-18 11:27:38');
INSERT INTO `communities` (`id`, `name`, `created_at`, `updated_at`) VALUES (33, 'In in excepturi quo repellat minus veritatis.', '2020-03-12 13:00:38', '2020-10-02 21:42:27');
INSERT INTO `communities` (`id`, `name`, `created_at`, `updated_at`) VALUES (34, 'Deleniti iure quidem veniam possimus.', '2020-10-07 01:18:26', '2020-10-07 20:05:11');
INSERT INTO `communities` (`id`, `name`, `created_at`, `updated_at`) VALUES (35, 'Voluptate rerum maxime aut harum excepturi sed dolore.', '2019-12-19 00:02:06', '2020-09-29 21:24:32');
INSERT INTO `communities` (`id`, `name`, `created_at`, `updated_at`) VALUES (36, 'Sed qui voluptas accusantium aperiam mollitia quibusdam illum.', '2020-01-14 18:11:47', '2020-09-24 22:02:38');
INSERT INTO `communities` (`id`, `name`, `created_at`, `updated_at`) VALUES (37, 'Quia unde dolores autem soluta doloribus voluptatem.', '2020-08-14 21:35:49', '2020-10-01 17:42:11');
INSERT INTO `communities` (`id`, `name`, `created_at`, `updated_at`) VALUES (38, 'Autem eos voluptate hic eaque.', '2020-02-05 20:38:49', '2020-09-27 04:25:42');
INSERT INTO `communities` (`id`, `name`, `created_at`, `updated_at`) VALUES (39, 'Sit est dicta ea molestiae.', '2020-03-11 05:50:54', '2020-09-30 07:21:25');
INSERT INTO `communities` (`id`, `name`, `created_at`, `updated_at`) VALUES (40, 'Et dicta consequatur ut ut velit sint.', '2020-02-22 20:24:55', '2020-09-24 04:35:33');
INSERT INTO `communities` (`id`, `name`, `created_at`, `updated_at`) VALUES (41, 'Ut porro qui dolorum reiciendis ut tempora.', '2020-10-13 20:48:25', '2020-10-10 23:35:37');
INSERT INTO `communities` (`id`, `name`, `created_at`, `updated_at`) VALUES (42, 'Reprehenderit cum odio illum ipsum corrupti.', '2020-07-13 05:53:09', '2020-09-19 21:19:46');
INSERT INTO `communities` (`id`, `name`, `created_at`, `updated_at`) VALUES (43, 'Et et placeat non modi.', '2020-03-04 06:57:10', '2020-10-07 14:12:27');
INSERT INTO `communities` (`id`, `name`, `created_at`, `updated_at`) VALUES (44, 'Et quia quidem aut culpa esse velit.', '2020-06-18 09:11:04', '2020-09-16 05:42:24');
INSERT INTO `communities` (`id`, `name`, `created_at`, `updated_at`) VALUES (45, 'Vitae facere quam totam velit maiores saepe quo.', '2020-08-06 14:56:01', '2020-10-11 01:42:25');
INSERT INTO `communities` (`id`, `name`, `created_at`, `updated_at`) VALUES (46, 'Quis qui ut animi dolorem placeat nisi.', '2019-10-26 23:28:23', '2020-10-09 19:08:28');
INSERT INTO `communities` (`id`, `name`, `created_at`, `updated_at`) VALUES (47, 'Omnis aliquid quidem culpa eum doloremque iste quos.', '2020-04-03 03:15:32', '2020-10-10 21:32:26');


#
# TABLE STRUCTURE FOR: communities_users
#

DROP TABLE IF EXISTS `communities_users`;

CREATE TABLE `communities_users` (
  `community_id` int(10) unsigned NOT NULL COMMENT 'Communitie link',
  `user_id` int(10) unsigned NOT NULL COMMENT 'User id',
  `created_at` datetime DEFAULT current_timestamp() COMMENT 'Creation time',
  PRIMARY KEY (`community_id`,`user_id`) COMMENT 'Composite key'
) ENGINE=InnoDB DEFAULT CHARSET=utf8 COLLATE=utf8_unicode_ci COMMENT='Communitie members';

INSERT INTO `communities_users` (`community_id`, `user_id`, `created_at`) VALUES (2, 67, '2020-10-10 10:55:02');
INSERT INTO `communities_users` (`community_id`, `user_id`, `created_at`) VALUES (3, 8, '2020-09-21 06:22:03');
INSERT INTO `communities_users` (`community_id`, `user_id`, `created_at`) VALUES (3, 72, '2020-09-19 20:35:14');
INSERT INTO `communities_users` (`community_id`, `user_id`, `created_at`) VALUES (8, 15, '2020-09-24 18:58:03');
INSERT INTO `communities_users` (`community_id`, `user_id`, `created_at`) VALUES (9, 67, '2020-09-16 23:04:08');
INSERT INTO `communities_users` (`community_id`, `user_id`, `created_at`) VALUES (13, 31, '2020-09-27 14:32:56');
INSERT INTO `communities_users` (`community_id`, `user_id`, `created_at`) VALUES (14, 16, '2020-09-20 17:54:30');
INSERT INTO `communities_users` (`community_id`, `user_id`, `created_at`) VALUES (15, 10, '2020-10-06 21:04:32');
INSERT INTO `communities_users` (`community_id`, `user_id`, `created_at`) VALUES (18, 77, '2020-09-21 00:27:47');
INSERT INTO `communities_users` (`community_id`, `user_id`, `created_at`) VALUES (20, 29, '2020-09-30 17:57:32');
INSERT INTO `communities_users` (`community_id`, `user_id`, `created_at`) VALUES (21, 57, '2020-09-27 02:10:23');
INSERT INTO `communities_users` (`community_id`, `user_id`, `created_at`) VALUES (22, 65, '2020-09-26 08:57:54');
INSERT INTO `communities_users` (`community_id`, `user_id`, `created_at`) VALUES (23, 25, '2020-09-28 16:51:31');
INSERT INTO `communities_users` (`community_id`, `user_id`, `created_at`) VALUES (24, 54, '2020-10-07 07:58:58');
INSERT INTO `communities_users` (`community_id`, `user_id`, `created_at`) VALUES (25, 51, '2020-09-21 16:56:46');
INSERT INTO `communities_users` (`community_id`, `user_id`, `created_at`) VALUES (26, 100, '2020-10-03 09:39:32');
INSERT INTO `communities_users` (`community_id`, `user_id`, `created_at`) VALUES (30, 19, '2020-10-05 03:30:19');
INSERT INTO `communities_users` (`community_id`, `user_id`, `created_at`) VALUES (34, 22, '2020-09-23 23:03:02');
INSERT INTO `communities_users` (`community_id`, `user_id`, `created_at`) VALUES (34, 50, '2020-09-20 18:17:48');
INSERT INTO `communities_users` (`community_id`, `user_id`, `created_at`) VALUES (35, 42, '2020-09-30 23:11:43');
INSERT INTO `communities_users` (`community_id`, `user_id`, `created_at`) VALUES (38, 33, '2020-09-29 10:04:17');
INSERT INTO `communities_users` (`community_id`, `user_id`, `created_at`) VALUES (38, 36, '2020-10-08 01:24:35');
INSERT INTO `communities_users` (`community_id`, `user_id`, `created_at`) VALUES (38, 65, '2020-09-18 16:33:13');
INSERT INTO `communities_users` (`community_id`, `user_id`, `created_at`) VALUES (40, 5, '2020-09-27 20:36:36');
INSERT INTO `communities_users` (`community_id`, `user_id`, `created_at`) VALUES (41, 55, '2020-09-28 21:36:59');
INSERT INTO `communities_users` (`community_id`, `user_id`, `created_at`) VALUES (42, 98, '2020-10-14 04:46:22');
INSERT INTO `communities_users` (`community_id`, `user_id`, `created_at`) VALUES (43, 69, '2020-09-27 01:33:06');
INSERT INTO `communities_users` (`community_id`, `user_id`, `created_at`) VALUES (45, 76, '2020-09-28 16:45:33');
INSERT INTO `communities_users` (`community_id`, `user_id`, `created_at`) VALUES (45, 94, '2020-09-18 15:46:41');


#
# TABLE STRUCTURE FOR: friendship_statuses
#

DROP TABLE IF EXISTS `friendship_statuses`;

CREATE TABLE `friendship_statuses` (
  `id` int(10) unsigned NOT NULL AUTO_INCREMENT COMMENT 'Row id',
  `name` varchar(150) COLLATE utf8_unicode_ci NOT NULL COMMENT 'Status name',
  `created_at` datetime DEFAULT current_timestamp() COMMENT 'Creation time',
  `updated_at` datetime DEFAULT current_timestamp() ON UPDATE current_timestamp() COMMENT 'Update time',
  PRIMARY KEY (`id`),
  UNIQUE KEY `name` (`name`)
) ENGINE=InnoDB AUTO_INCREMENT=13 DEFAULT CHARSET=utf8 COLLATE=utf8_unicode_ci COMMENT='Friendship status';

INSERT INTO `friendship_statuses` (`id`, `name`, `created_at`, `updated_at`) VALUES (1, 'Suscipit ullam libero et quo numquam eum perferendis.', '2020-04-27 16:26:32', '2020-09-26 21:00:26');
INSERT INTO `friendship_statuses` (`id`, `name`, `created_at`, `updated_at`) VALUES (2, 'Illo perspiciatis beatae error debitis.', '2020-03-06 03:09:29', '2020-10-07 05:12:17');
INSERT INTO `friendship_statuses` (`id`, `name`, `created_at`, `updated_at`) VALUES (3, 'Possimus inventore consequuntur autem ad.', '2020-08-04 02:31:32', '2020-10-13 22:08:20');
INSERT INTO `friendship_statuses` (`id`, `name`, `created_at`, `updated_at`) VALUES (4, 'Temporibus sunt eos ea sed.', '2020-04-04 12:53:02', '2020-10-07 17:05:36');
INSERT INTO `friendship_statuses` (`id`, `name`, `created_at`, `updated_at`) VALUES (5, 'Dolore et voluptate qui et.', '2020-10-04 03:18:57', '2020-10-09 05:12:55');
INSERT INTO `friendship_statuses` (`id`, `name`, `created_at`, `updated_at`) VALUES (6, 'Similique aperiam tenetur praesentium qui optio quia.', '2020-02-12 05:46:39', '2020-09-16 00:31:19');
INSERT INTO `friendship_statuses` (`id`, `name`, `created_at`, `updated_at`) VALUES (7, 'Est et corporis ut aut veritatis aut velit.', '2020-07-08 19:33:36', '2020-09-23 11:02:13');
INSERT INTO `friendship_statuses` (`id`, `name`, `created_at`, `updated_at`) VALUES (8, 'Asperiores inventore amet nihil.', '2020-08-04 20:36:12', '2020-09-30 00:26:32');
INSERT INTO `friendship_statuses` (`id`, `name`, `created_at`, `updated_at`) VALUES (9, 'Quibusdam debitis et ea.', '2020-02-15 01:54:22', '2020-10-13 11:53:19');
INSERT INTO `friendship_statuses` (`id`, `name`, `created_at`, `updated_at`) VALUES (10, 'Unde placeat ipsa velit tempora exercitationem.', '2020-03-04 22:28:44', '2020-09-23 22:48:22');
INSERT INTO `friendship_statuses` (`id`, `name`, `created_at`, `updated_at`) VALUES (11, 'Tempora eius minus cumque nulla.', '2020-08-19 01:43:26', '2020-09-24 15:34:33');
INSERT INTO `friendship_statuses` (`id`, `name`, `created_at`, `updated_at`) VALUES (12, 'Eligendi natus laboriosam eos explicabo blanditiis aspernatur non.', '2020-04-23 10:13:52', '2020-10-03 06:46:29');


#
# TABLE STRUCTURE FOR: friendships
#

DROP TABLE IF EXISTS `friendships`;

CREATE TABLE `friendships` (
  `user_id` int(10) unsigned NOT NULL COMMENT 'First handshake',
  `friend_id` int(10) unsigned NOT NULL COMMENT 'Friend',
  `status_id` int(10) unsigned NOT NULL COMMENT 'Current status',
  `requested_at` datetime DEFAULT current_timestamp() COMMENT 'Request time',
  `confirmed_at` datetime DEFAULT NULL COMMENT 'Confirm time',
  `created_at` datetime DEFAULT current_timestamp() COMMENT 'Creation time',
  `updated_at` datetime DEFAULT current_timestamp() ON UPDATE current_timestamp() COMMENT 'Update time',
  PRIMARY KEY (`user_id`,`friend_id`) COMMENT 'Composite key'
) ENGINE=InnoDB DEFAULT CHARSET=utf8 COLLATE=utf8_unicode_ci COMMENT='Friendship';

INSERT INTO `friendships` (`user_id`, `friend_id`, `status_id`, `requested_at`, `confirmed_at`, `created_at`, `updated_at`) VALUES (2, 21, 1, '2019-06-05 21:03:30', '2020-01-26 07:41:17', '2020-10-01 14:40:25', '2020-09-20 09:34:08');
INSERT INTO `friendships` (`user_id`, `friend_id`, `status_id`, `requested_at`, `confirmed_at`, `created_at`, `updated_at`) VALUES (2, 57, 8, '2020-01-21 23:51:21', '2020-02-10 14:37:39', '2020-09-27 13:32:14', '2020-09-22 19:19:42');
INSERT INTO `friendships` (`user_id`, `friend_id`, `status_id`, `requested_at`, `confirmed_at`, `created_at`, `updated_at`) VALUES (3, 67, 7, '2014-03-11 20:53:04', '2020-01-18 19:51:52', '2020-10-12 08:19:43', '2020-10-03 10:35:42');
INSERT INTO `friendships` (`user_id`, `friend_id`, `status_id`, `requested_at`, `confirmed_at`, `created_at`, `updated_at`) VALUES (7, 19, 7, '2012-12-25 16:17:46', '2020-06-29 18:50:32', '2020-09-14 12:33:46', '2020-09-19 01:56:33');
INSERT INTO `friendships` (`user_id`, `friend_id`, `status_id`, `requested_at`, `confirmed_at`, `created_at`, `updated_at`) VALUES (8, 48, 11, '2014-11-24 11:14:23', '2020-08-18 17:01:56', '2020-10-13 06:50:10', '2020-10-06 13:42:51');
INSERT INTO `friendships` (`user_id`, `friend_id`, `status_id`, `requested_at`, `confirmed_at`, `created_at`, `updated_at`) VALUES (8, 59, 6, '2013-07-02 04:41:31', '2020-04-06 02:48:09', '2020-09-21 09:33:54', '2020-10-07 13:33:04');
INSERT INTO `friendships` (`user_id`, `friend_id`, `status_id`, `requested_at`, `confirmed_at`, `created_at`, `updated_at`) VALUES (9, 68, 12, '2012-01-15 06:09:36', '2020-04-22 08:18:39', '2020-10-01 16:27:03', '2020-10-12 04:32:23');
INSERT INTO `friendships` (`user_id`, `friend_id`, `status_id`, `requested_at`, `confirmed_at`, `created_at`, `updated_at`) VALUES (10, 91, 4, '2018-10-05 19:47:34', '2020-01-07 15:45:41', '2020-09-21 07:52:00', '2020-09-28 01:38:38');
INSERT INTO `friendships` (`user_id`, `friend_id`, `status_id`, `requested_at`, `confirmed_at`, `created_at`, `updated_at`) VALUES (11, 43, 12, '2019-07-25 00:34:40', '2020-06-19 00:48:10', '2020-09-26 22:14:07', '2020-09-29 15:53:50');
INSERT INTO `friendships` (`user_id`, `friend_id`, `status_id`, `requested_at`, `confirmed_at`, `created_at`, `updated_at`) VALUES (11, 55, 4, '2018-08-10 12:46:55', '2020-01-05 18:30:56', '2020-10-01 09:47:00', '2020-09-19 12:06:03');
INSERT INTO `friendships` (`user_id`, `friend_id`, `status_id`, `requested_at`, `confirmed_at`, `created_at`, `updated_at`) VALUES (13, 32, 9, '2018-01-10 01:19:01', '2020-01-01 03:34:32', '2020-10-07 20:37:01', '2020-10-08 14:43:09');
INSERT INTO `friendships` (`user_id`, `friend_id`, `status_id`, `requested_at`, `confirmed_at`, `created_at`, `updated_at`) VALUES (14, 34, 5, '2020-02-07 04:44:46', '2020-06-12 13:20:16', '2020-10-03 06:58:38', '2020-09-22 20:42:48');
INSERT INTO `friendships` (`user_id`, `friend_id`, `status_id`, `requested_at`, `confirmed_at`, `created_at`, `updated_at`) VALUES (14, 71, 10, '2015-12-15 03:10:42', '2020-05-03 00:22:55', '2020-09-20 02:33:15', '2020-09-28 09:50:54');
INSERT INTO `friendships` (`user_id`, `friend_id`, `status_id`, `requested_at`, `confirmed_at`, `created_at`, `updated_at`) VALUES (14, 97, 2, '2013-07-07 08:48:00', '2020-04-08 21:05:10', '2020-09-15 23:03:24', '2020-10-10 01:41:23');
INSERT INTO `friendships` (`user_id`, `friend_id`, `status_id`, `requested_at`, `confirmed_at`, `created_at`, `updated_at`) VALUES (17, 47, 10, '2015-05-26 22:30:28', '2020-05-23 19:47:36', '2020-09-29 18:54:58', '2020-10-09 10:02:56');
INSERT INTO `friendships` (`user_id`, `friend_id`, `status_id`, `requested_at`, `confirmed_at`, `created_at`, `updated_at`) VALUES (22, 9, 6, '2011-03-30 22:55:31', '2019-12-03 01:02:21', '2020-10-02 05:57:36', '2020-09-24 23:58:55');
INSERT INTO `friendships` (`user_id`, `friend_id`, `status_id`, `requested_at`, `confirmed_at`, `created_at`, `updated_at`) VALUES (22, 61, 1, '2015-06-11 16:05:00', '2020-03-20 16:51:59', '2020-10-10 14:38:41', '2020-09-24 23:13:23');
INSERT INTO `friendships` (`user_id`, `friend_id`, `status_id`, `requested_at`, `confirmed_at`, `created_at`, `updated_at`) VALUES (23, 91, 1, '2017-01-19 22:04:29', '2020-10-05 03:17:52', '2020-10-02 23:49:20', '2020-09-14 21:23:16');
INSERT INTO `friendships` (`user_id`, `friend_id`, `status_id`, `requested_at`, `confirmed_at`, `created_at`, `updated_at`) VALUES (24, 35, 4, '2017-02-16 15:38:12', '2020-08-04 13:05:59', '2020-09-16 20:36:46', '2020-09-17 09:10:54');
INSERT INTO `friendships` (`user_id`, `friend_id`, `status_id`, `requested_at`, `confirmed_at`, `created_at`, `updated_at`) VALUES (27, 80, 3, '2010-11-15 10:43:23', '2020-04-28 04:23:16', '2020-10-13 22:17:33', '2020-09-28 22:44:11');
INSERT INTO `friendships` (`user_id`, `friend_id`, `status_id`, `requested_at`, `confirmed_at`, `created_at`, `updated_at`) VALUES (27, 100, 4, '2014-05-27 07:30:27', '2020-03-27 05:01:07', '2020-09-16 21:47:43', '2020-09-28 22:13:06');
INSERT INTO `friendships` (`user_id`, `friend_id`, `status_id`, `requested_at`, `confirmed_at`, `created_at`, `updated_at`) VALUES (30, 97, 12, '2012-07-27 22:09:46', '2020-05-17 20:22:27', '2020-09-28 11:45:51', '2020-10-08 07:52:25');
INSERT INTO `friendships` (`user_id`, `friend_id`, `status_id`, `requested_at`, `confirmed_at`, `created_at`, `updated_at`) VALUES (32, 27, 8, '2014-12-18 22:17:38', '2020-06-09 02:01:42', '2020-09-28 23:59:46', '2020-10-08 12:58:57');
INSERT INTO `friendships` (`user_id`, `friend_id`, `status_id`, `requested_at`, `confirmed_at`, `created_at`, `updated_at`) VALUES (34, 36, 11, '2011-08-04 18:28:42', '2020-08-03 17:38:57', '2020-10-02 17:29:21', '2020-10-01 19:24:32');
INSERT INTO `friendships` (`user_id`, `friend_id`, `status_id`, `requested_at`, `confirmed_at`, `created_at`, `updated_at`) VALUES (37, 82, 1, '2015-05-06 06:13:54', '2019-11-23 14:07:26', '2020-09-21 04:47:27', '2020-10-07 18:48:36');
INSERT INTO `friendships` (`user_id`, `friend_id`, `status_id`, `requested_at`, `confirmed_at`, `created_at`, `updated_at`) VALUES (38, 97, 2, '2014-10-03 04:02:11', '2020-02-09 05:01:33', '2020-10-09 07:02:01', '2020-09-30 22:18:35');
INSERT INTO `friendships` (`user_id`, `friend_id`, `status_id`, `requested_at`, `confirmed_at`, `created_at`, `updated_at`) VALUES (39, 37, 2, '2020-06-03 14:58:05', '2019-12-21 02:11:26', '2020-10-11 23:50:50', '2020-09-21 05:30:52');
INSERT INTO `friendships` (`user_id`, `friend_id`, `status_id`, `requested_at`, `confirmed_at`, `created_at`, `updated_at`) VALUES (39, 100, 10, '2015-06-11 09:49:56', '2020-03-21 05:16:48', '2020-10-10 20:51:19', '2020-10-13 14:02:24');
INSERT INTO `friendships` (`user_id`, `friend_id`, `status_id`, `requested_at`, `confirmed_at`, `created_at`, `updated_at`) VALUES (40, 81, 8, '2017-08-13 10:28:49', '2020-04-16 05:31:13', '2020-10-12 20:21:26', '2020-09-22 23:49:00');
INSERT INTO `friendships` (`user_id`, `friend_id`, `status_id`, `requested_at`, `confirmed_at`, `created_at`, `updated_at`) VALUES (42, 13, 4, '2015-05-16 13:00:20', '2020-03-05 19:16:48', '2020-10-13 21:07:55', '2020-09-26 02:09:31');
INSERT INTO `friendships` (`user_id`, `friend_id`, `status_id`, `requested_at`, `confirmed_at`, `created_at`, `updated_at`) VALUES (42, 39, 9, '2011-09-02 19:55:52', '2020-03-15 18:16:57', '2020-10-11 13:41:02', '2020-10-02 03:00:23');
INSERT INTO `friendships` (`user_id`, `friend_id`, `status_id`, `requested_at`, `confirmed_at`, `created_at`, `updated_at`) VALUES (42, 75, 1, '2013-04-04 07:37:46', '2020-05-31 11:05:21', '2020-10-08 12:57:35', '2020-10-03 21:11:02');
INSERT INTO `friendships` (`user_id`, `friend_id`, `status_id`, `requested_at`, `confirmed_at`, `created_at`, `updated_at`) VALUES (48, 3, 5, '2012-09-02 17:49:02', '2020-01-29 11:53:42', '2020-09-25 12:07:35', '2020-10-09 00:30:28');
INSERT INTO `friendships` (`user_id`, `friend_id`, `status_id`, `requested_at`, `confirmed_at`, `created_at`, `updated_at`) VALUES (48, 47, 10, '2018-05-31 19:30:23', '2020-08-19 10:13:57', '2020-10-04 03:56:26', '2020-09-24 21:05:34');
INSERT INTO `friendships` (`user_id`, `friend_id`, `status_id`, `requested_at`, `confirmed_at`, `created_at`, `updated_at`) VALUES (48, 83, 11, '2014-02-17 23:22:04', '2020-05-31 22:45:04', '2020-09-23 04:53:55', '2020-09-28 01:22:30');
INSERT INTO `friendships` (`user_id`, `friend_id`, `status_id`, `requested_at`, `confirmed_at`, `created_at`, `updated_at`) VALUES (50, 34, 11, '2011-02-11 11:02:36', '2020-04-16 09:26:24', '2020-10-13 17:39:17', '2020-09-29 13:38:30');
INSERT INTO `friendships` (`user_id`, `friend_id`, `status_id`, `requested_at`, `confirmed_at`, `created_at`, `updated_at`) VALUES (51, 34, 9, '2018-11-07 10:14:02', '2020-04-29 17:35:36', '2020-10-12 23:11:28', '2020-10-09 01:49:51');
INSERT INTO `friendships` (`user_id`, `friend_id`, `status_id`, `requested_at`, `confirmed_at`, `created_at`, `updated_at`) VALUES (51, 71, 8, '2015-10-05 17:30:35', '2020-09-18 17:56:35', '2020-09-25 10:08:11', '2020-10-12 23:52:15');
INSERT INTO `friendships` (`user_id`, `friend_id`, `status_id`, `requested_at`, `confirmed_at`, `created_at`, `updated_at`) VALUES (53, 20, 5, '2017-09-17 13:31:48', '2019-11-28 05:15:08', '2020-09-22 11:46:13', '2020-10-09 04:18:01');
INSERT INTO `friendships` (`user_id`, `friend_id`, `status_id`, `requested_at`, `confirmed_at`, `created_at`, `updated_at`) VALUES (53, 49, 9, '2018-04-19 23:29:43', '2020-01-31 05:07:15', '2020-09-17 11:11:01', '2020-10-01 20:10:23');
INSERT INTO `friendships` (`user_id`, `friend_id`, `status_id`, `requested_at`, `confirmed_at`, `created_at`, `updated_at`) VALUES (56, 71, 7, '2017-09-30 06:02:17', '2020-02-28 16:49:37', '2020-09-20 12:02:06', '2020-09-30 19:38:07');
INSERT INTO `friendships` (`user_id`, `friend_id`, `status_id`, `requested_at`, `confirmed_at`, `created_at`, `updated_at`) VALUES (58, 66, 1, '2013-07-04 19:53:33', '2020-09-10 15:38:42', '2020-09-15 08:59:49', '2020-09-17 15:45:22');
INSERT INTO `friendships` (`user_id`, `friend_id`, `status_id`, `requested_at`, `confirmed_at`, `created_at`, `updated_at`) VALUES (59, 87, 6, '2012-10-14 13:01:13', '2020-07-03 12:14:19', '2020-09-25 17:56:10', '2020-10-10 12:56:18');
INSERT INTO `friendships` (`user_id`, `friend_id`, `status_id`, `requested_at`, `confirmed_at`, `created_at`, `updated_at`) VALUES (61, 11, 9, '2014-12-29 09:21:19', '2020-07-10 09:47:00', '2020-10-10 01:43:56', '2020-09-25 06:18:40');
INSERT INTO `friendships` (`user_id`, `friend_id`, `status_id`, `requested_at`, `confirmed_at`, `created_at`, `updated_at`) VALUES (61, 14, 5, '2018-03-24 14:31:11', '2020-02-07 14:49:54', '2020-10-12 18:56:40', '2020-09-30 18:16:47');
INSERT INTO `friendships` (`user_id`, `friend_id`, `status_id`, `requested_at`, `confirmed_at`, `created_at`, `updated_at`) VALUES (61, 63, 6, '2014-09-29 07:02:45', '2020-08-10 03:39:40', '2020-10-13 15:02:05', '2020-09-15 03:50:56');
INSERT INTO `friendships` (`user_id`, `friend_id`, `status_id`, `requested_at`, `confirmed_at`, `created_at`, `updated_at`) VALUES (62, 85, 7, '2018-01-13 19:17:21', '2020-02-24 10:26:40', '2020-09-19 13:32:32', '2020-10-09 10:07:30');
INSERT INTO `friendships` (`user_id`, `friend_id`, `status_id`, `requested_at`, `confirmed_at`, `created_at`, `updated_at`) VALUES (63, 30, 7, '2019-08-21 15:01:07', '2020-04-01 17:08:52', '2020-09-17 04:17:00', '2020-09-18 08:01:12');
INSERT INTO `friendships` (`user_id`, `friend_id`, `status_id`, `requested_at`, `confirmed_at`, `created_at`, `updated_at`) VALUES (65, 49, 7, '2014-02-06 19:51:46', '2020-06-16 07:48:16', '2020-10-06 16:30:54', '2020-10-14 06:03:16');
INSERT INTO `friendships` (`user_id`, `friend_id`, `status_id`, `requested_at`, `confirmed_at`, `created_at`, `updated_at`) VALUES (67, 33, 10, '2013-07-05 09:23:59', '2020-05-01 04:50:37', '2020-10-11 14:14:51', '2020-10-09 19:00:45');
INSERT INTO `friendships` (`user_id`, `friend_id`, `status_id`, `requested_at`, `confirmed_at`, `created_at`, `updated_at`) VALUES (69, 55, 1, '2019-11-30 13:39:50', '2019-12-20 00:54:35', '2020-09-26 22:59:58', '2020-09-17 01:01:03');
INSERT INTO `friendships` (`user_id`, `friend_id`, `status_id`, `requested_at`, `confirmed_at`, `created_at`, `updated_at`) VALUES (71, 95, 6, '2011-02-04 17:34:24', '2020-02-18 03:10:41', '2020-09-17 15:55:28', '2020-09-14 22:53:53');
INSERT INTO `friendships` (`user_id`, `friend_id`, `status_id`, `requested_at`, `confirmed_at`, `created_at`, `updated_at`) VALUES (72, 68, 4, '2014-05-02 18:25:34', '2020-06-18 09:04:30', '2020-09-27 19:30:40', '2020-10-09 16:27:38');
INSERT INTO `friendships` (`user_id`, `friend_id`, `status_id`, `requested_at`, `confirmed_at`, `created_at`, `updated_at`) VALUES (74, 51, 8, '2017-08-18 13:42:51', '2020-10-02 13:59:42', '2020-09-21 16:15:18', '2020-10-02 17:23:09');
INSERT INTO `friendships` (`user_id`, `friend_id`, `status_id`, `requested_at`, `confirmed_at`, `created_at`, `updated_at`) VALUES (77, 58, 7, '2016-04-12 17:07:19', '2020-08-19 08:28:08', '2020-09-14 10:19:50', '2020-09-21 02:23:45');
INSERT INTO `friendships` (`user_id`, `friend_id`, `status_id`, `requested_at`, `confirmed_at`, `created_at`, `updated_at`) VALUES (79, 99, 4, '2014-07-28 13:22:54', '2020-04-16 16:00:16', '2020-09-19 07:54:39', '2020-10-09 17:02:47');
INSERT INTO `friendships` (`user_id`, `friend_id`, `status_id`, `requested_at`, `confirmed_at`, `created_at`, `updated_at`) VALUES (81, 88, 4, '2013-05-12 16:25:54', '2020-08-09 22:11:50', '2020-09-27 09:22:04', '2020-09-22 20:01:18');
INSERT INTO `friendships` (`user_id`, `friend_id`, `status_id`, `requested_at`, `confirmed_at`, `created_at`, `updated_at`) VALUES (83, 6, 10, '2018-04-18 02:35:08', '2020-08-23 07:05:30', '2020-09-22 20:04:04', '2020-10-07 03:12:06');
INSERT INTO `friendships` (`user_id`, `friend_id`, `status_id`, `requested_at`, `confirmed_at`, `created_at`, `updated_at`) VALUES (83, 40, 1, '2015-05-25 09:20:40', '2019-11-22 09:19:21', '2020-09-16 07:17:27', '2020-10-06 17:51:19');
INSERT INTO `friendships` (`user_id`, `friend_id`, `status_id`, `requested_at`, `confirmed_at`, `created_at`, `updated_at`) VALUES (85, 60, 3, '2012-06-29 08:29:55', '2019-11-04 17:29:31', '2020-10-11 05:42:10', '2020-09-27 15:18:49');
INSERT INTO `friendships` (`user_id`, `friend_id`, `status_id`, `requested_at`, `confirmed_at`, `created_at`, `updated_at`) VALUES (85, 76, 9, '2011-04-09 04:06:09', '2019-11-06 21:45:21', '2020-10-09 00:47:49', '2020-10-04 08:38:14');
INSERT INTO `friendships` (`user_id`, `friend_id`, `status_id`, `requested_at`, `confirmed_at`, `created_at`, `updated_at`) VALUES (87, 74, 3, '2018-08-16 07:20:28', '2020-03-13 03:52:46', '2020-10-10 09:51:22', '2020-09-23 14:05:56');
INSERT INTO `friendships` (`user_id`, `friend_id`, `status_id`, `requested_at`, `confirmed_at`, `created_at`, `updated_at`) VALUES (89, 9, 9, '2020-06-21 00:46:13', '2020-03-03 15:50:17', '2020-10-09 10:12:50', '2020-10-12 11:43:00');
INSERT INTO `friendships` (`user_id`, `friend_id`, `status_id`, `requested_at`, `confirmed_at`, `created_at`, `updated_at`) VALUES (90, 30, 6, '2019-06-13 19:44:50', '2020-05-17 11:59:59', '2020-10-03 20:17:14', '2020-10-02 22:02:52');
INSERT INTO `friendships` (`user_id`, `friend_id`, `status_id`, `requested_at`, `confirmed_at`, `created_at`, `updated_at`) VALUES (91, 39, 1, '2016-10-29 12:04:18', '2020-07-05 22:56:13', '2020-09-21 22:12:46', '2020-09-21 05:49:10');
INSERT INTO `friendships` (`user_id`, `friend_id`, `status_id`, `requested_at`, `confirmed_at`, `created_at`, `updated_at`) VALUES (95, 32, 8, '2015-07-25 12:04:47', '2020-02-18 06:19:11', '2020-09-22 23:42:24', '2020-10-01 12:11:19');
INSERT INTO `friendships` (`user_id`, `friend_id`, `status_id`, `requested_at`, `confirmed_at`, `created_at`, `updated_at`) VALUES (95, 95, 9, '2011-04-22 08:02:47', '2020-05-18 12:43:37', '2020-10-04 09:39:56', '2020-10-12 07:40:02');
INSERT INTO `friendships` (`user_id`, `friend_id`, `status_id`, `requested_at`, `confirmed_at`, `created_at`, `updated_at`) VALUES (98, 31, 8, '2016-09-15 18:10:07', '2019-11-17 14:35:30', '2020-09-27 03:07:05', '2020-10-01 16:50:27');
INSERT INTO `friendships` (`user_id`, `friend_id`, `status_id`, `requested_at`, `confirmed_at`, `created_at`, `updated_at`) VALUES (99, 32, 4, '2014-09-23 00:56:04', '2020-06-26 01:52:33', '2020-10-13 15:15:49', '2020-10-03 05:55:41');
INSERT INTO `friendships` (`user_id`, `friend_id`, `status_id`, `requested_at`, `confirmed_at`, `created_at`, `updated_at`) VALUES (100, 52, 7, '2010-11-02 04:13:05', '2020-03-07 12:40:43', '2020-10-03 13:35:49', '2020-09-22 02:31:17');


#
# TABLE STRUCTURE FOR: media
#

DROP TABLE IF EXISTS `media`;

CREATE TABLE `media` (
  `id` int(10) unsigned NOT NULL AUTO_INCREMENT COMMENT 'Row id',
  `user_id` int(10) unsigned NOT NULL COMMENT 'Uploader',
  `filename` varchar(255) COLLATE utf8_unicode_ci NOT NULL COMMENT 'File link',
  `size` int(11) NOT NULL COMMENT 'Size',
  `metadata` longtext CHARACTER SET utf8mb4 COLLATE utf8mb4_bin DEFAULT NULL COMMENT 'Metadata' CHECK (json_valid(`metadata`)),
  `media_type_id` int(10) unsigned NOT NULL COMMENT 'Media type',
  `created_at` datetime DEFAULT current_timestamp() COMMENT 'Creation time',
  `updated_at` datetime DEFAULT current_timestamp() ON UPDATE current_timestamp() COMMENT 'Update time',
  PRIMARY KEY (`id`)
) ENGINE=InnoDB AUTO_INCREMENT=101 DEFAULT CHARSET=utf8 COLLATE=utf8_unicode_ci COMMENT='Media';

INSERT INTO `media` (`id`, `user_id`, `filename`, `size`, `metadata`, `media_type_id`, `created_at`, `updated_at`) VALUES (1, 1, 'quaerat', 315943218, NULL, 1, '2020-02-29 01:53:39', '2020-09-23 17:43:20');
INSERT INTO `media` (`id`, `user_id`, `filename`, `size`, `metadata`, `media_type_id`, `created_at`, `updated_at`) VALUES (2, 2, 'hic', 9930859, NULL, 2, '2019-11-24 05:51:09', '2020-09-22 03:47:49');
INSERT INTO `media` (`id`, `user_id`, `filename`, `size`, `metadata`, `media_type_id`, `created_at`, `updated_at`) VALUES (3, 3, 'illo', 656116, NULL, 3, '2020-06-24 10:39:27', '2020-09-29 09:21:07');
INSERT INTO `media` (`id`, `user_id`, `filename`, `size`, `metadata`, `media_type_id`, `created_at`, `updated_at`) VALUES (4, 4, 'ut', 104346, NULL, 4, '2020-09-03 18:03:11', '2020-09-26 16:23:12');
INSERT INTO `media` (`id`, `user_id`, `filename`, `size`, `metadata`, `media_type_id`, `created_at`, `updated_at`) VALUES (5, 5, 'rerum', 329, NULL, 5, '2020-01-06 06:16:12', '2020-09-15 01:00:33');
INSERT INTO `media` (`id`, `user_id`, `filename`, `size`, `metadata`, `media_type_id`, `created_at`, `updated_at`) VALUES (6, 6, 'eligendi', 8026540, NULL, 1, '2020-02-11 22:09:57', '2020-10-05 03:24:40');
INSERT INTO `media` (`id`, `user_id`, `filename`, `size`, `metadata`, `media_type_id`, `created_at`, `updated_at`) VALUES (7, 7, 'et', 610954056, NULL, 2, '2020-10-01 11:02:12', '2020-09-23 11:55:27');
INSERT INTO `media` (`id`, `user_id`, `filename`, `size`, `metadata`, `media_type_id`, `created_at`, `updated_at`) VALUES (8, 8, 'nihil', 686, NULL, 3, '2020-08-18 15:48:02', '2020-10-08 19:42:59');
INSERT INTO `media` (`id`, `user_id`, `filename`, `size`, `metadata`, `media_type_id`, `created_at`, `updated_at`) VALUES (9, 9, 'repudiandae', 50, NULL, 4, '2020-04-25 04:16:59', '2020-09-15 19:38:04');
INSERT INTO `media` (`id`, `user_id`, `filename`, `size`, `metadata`, `media_type_id`, `created_at`, `updated_at`) VALUES (10, 10, 'expedita', 12010, NULL, 5, '2020-08-03 12:05:39', '2020-09-26 18:06:45');
INSERT INTO `media` (`id`, `user_id`, `filename`, `size`, `metadata`, `media_type_id`, `created_at`, `updated_at`) VALUES (11, 11, 'id', 62665, NULL, 1, '2020-03-27 03:10:29', '2020-09-22 11:31:07');
INSERT INTO `media` (`id`, `user_id`, `filename`, `size`, `metadata`, `media_type_id`, `created_at`, `updated_at`) VALUES (12, 12, 'et', 0, NULL, 2, '2019-12-15 10:34:59', '2020-09-26 18:06:02');
INSERT INTO `media` (`id`, `user_id`, `filename`, `size`, `metadata`, `media_type_id`, `created_at`, `updated_at`) VALUES (13, 13, 'nisi', 9643, NULL, 3, '2019-12-21 00:40:51', '2020-10-07 23:00:21');
INSERT INTO `media` (`id`, `user_id`, `filename`, `size`, `metadata`, `media_type_id`, `created_at`, `updated_at`) VALUES (14, 14, 'ut', 10335174, NULL, 4, '2020-03-14 02:18:41', '2020-09-21 20:20:57');
INSERT INTO `media` (`id`, `user_id`, `filename`, `size`, `metadata`, `media_type_id`, `created_at`, `updated_at`) VALUES (15, 15, 'sit', 6391, NULL, 5, '2020-05-26 02:25:13', '2020-09-23 05:43:33');
INSERT INTO `media` (`id`, `user_id`, `filename`, `size`, `metadata`, `media_type_id`, `created_at`, `updated_at`) VALUES (16, 16, 'nesciunt', 707, NULL, 1, '2020-10-07 15:49:59', '2020-10-10 19:57:06');
INSERT INTO `media` (`id`, `user_id`, `filename`, `size`, `metadata`, `media_type_id`, `created_at`, `updated_at`) VALUES (17, 17, 'velit', 839946, NULL, 2, '2019-12-24 13:39:11', '2020-10-07 13:38:46');
INSERT INTO `media` (`id`, `user_id`, `filename`, `size`, `metadata`, `media_type_id`, `created_at`, `updated_at`) VALUES (18, 18, 'aut', 627393015, NULL, 3, '2020-09-27 23:28:00', '2020-09-20 02:15:14');
INSERT INTO `media` (`id`, `user_id`, `filename`, `size`, `metadata`, `media_type_id`, `created_at`, `updated_at`) VALUES (19, 19, 'quis', 10, NULL, 4, '2020-09-16 08:43:34', '2020-10-11 21:45:29');
INSERT INTO `media` (`id`, `user_id`, `filename`, `size`, `metadata`, `media_type_id`, `created_at`, `updated_at`) VALUES (20, 20, 'esse', 571961, NULL, 5, '2020-03-02 21:04:33', '2020-09-22 00:32:13');
INSERT INTO `media` (`id`, `user_id`, `filename`, `size`, `metadata`, `media_type_id`, `created_at`, `updated_at`) VALUES (21, 21, 'ex', 1519525, NULL, 1, '2020-08-08 03:08:44', '2020-10-09 14:05:21');
INSERT INTO `media` (`id`, `user_id`, `filename`, `size`, `metadata`, `media_type_id`, `created_at`, `updated_at`) VALUES (22, 22, 'sint', 6197667, NULL, 2, '2020-09-26 08:52:09', '2020-10-06 13:37:55');
INSERT INTO `media` (`id`, `user_id`, `filename`, `size`, `metadata`, `media_type_id`, `created_at`, `updated_at`) VALUES (23, 23, 'rem', 905800278, NULL, 3, '2020-02-07 13:18:27', '2020-09-27 20:00:59');
INSERT INTO `media` (`id`, `user_id`, `filename`, `size`, `metadata`, `media_type_id`, `created_at`, `updated_at`) VALUES (24, 24, 'iure', 876, NULL, 4, '2019-10-23 05:30:09', '2020-09-19 07:33:53');
INSERT INTO `media` (`id`, `user_id`, `filename`, `size`, `metadata`, `media_type_id`, `created_at`, `updated_at`) VALUES (25, 25, 'totam', 4, NULL, 5, '2020-05-17 06:51:05', '2020-09-15 16:07:48');
INSERT INTO `media` (`id`, `user_id`, `filename`, `size`, `metadata`, `media_type_id`, `created_at`, `updated_at`) VALUES (26, 26, 'reiciendis', 822, NULL, 1, '2020-07-12 09:15:43', '2020-09-26 19:35:32');
INSERT INTO `media` (`id`, `user_id`, `filename`, `size`, `metadata`, `media_type_id`, `created_at`, `updated_at`) VALUES (27, 27, 'eos', 39082162, NULL, 2, '2020-07-18 18:21:19', '2020-09-27 06:26:31');
INSERT INTO `media` (`id`, `user_id`, `filename`, `size`, `metadata`, `media_type_id`, `created_at`, `updated_at`) VALUES (28, 28, 'deleniti', 93, NULL, 3, '2020-03-08 18:46:42', '2020-10-03 20:56:24');
INSERT INTO `media` (`id`, `user_id`, `filename`, `size`, `metadata`, `media_type_id`, `created_at`, `updated_at`) VALUES (29, 29, 'repellendus', 4335784, NULL, 4, '2020-06-08 04:16:10', '2020-09-23 03:57:14');
INSERT INTO `media` (`id`, `user_id`, `filename`, `size`, `metadata`, `media_type_id`, `created_at`, `updated_at`) VALUES (30, 30, 'qui', 707530, NULL, 5, '2020-07-24 04:15:33', '2020-10-11 08:01:21');
INSERT INTO `media` (`id`, `user_id`, `filename`, `size`, `metadata`, `media_type_id`, `created_at`, `updated_at`) VALUES (31, 31, 'sapiente', 0, NULL, 1, '2020-06-06 16:44:27', '2020-09-24 09:28:35');
INSERT INTO `media` (`id`, `user_id`, `filename`, `size`, `metadata`, `media_type_id`, `created_at`, `updated_at`) VALUES (32, 32, 'libero', 20322, NULL, 2, '2020-01-25 06:04:31', '2020-09-24 03:34:09');
INSERT INTO `media` (`id`, `user_id`, `filename`, `size`, `metadata`, `media_type_id`, `created_at`, `updated_at`) VALUES (33, 33, 'magni', 0, NULL, 3, '2020-07-02 01:14:52', '2020-09-20 03:14:16');
INSERT INTO `media` (`id`, `user_id`, `filename`, `size`, `metadata`, `media_type_id`, `created_at`, `updated_at`) VALUES (34, 34, 'tempora', 96, NULL, 4, '2019-11-16 11:17:33', '2020-09-17 16:49:39');
INSERT INTO `media` (`id`, `user_id`, `filename`, `size`, `metadata`, `media_type_id`, `created_at`, `updated_at`) VALUES (35, 35, 'cumque', 609, NULL, 5, '2020-02-06 10:01:25', '2020-10-01 23:56:42');
INSERT INTO `media` (`id`, `user_id`, `filename`, `size`, `metadata`, `media_type_id`, `created_at`, `updated_at`) VALUES (36, 36, 'harum', 813, NULL, 1, '2020-06-20 14:53:12', '2020-10-02 18:12:14');
INSERT INTO `media` (`id`, `user_id`, `filename`, `size`, `metadata`, `media_type_id`, `created_at`, `updated_at`) VALUES (37, 37, 'rerum', 4, NULL, 2, '2020-09-10 13:37:00', '2020-10-13 16:34:21');
INSERT INTO `media` (`id`, `user_id`, `filename`, `size`, `metadata`, `media_type_id`, `created_at`, `updated_at`) VALUES (38, 38, 'rem', 377, NULL, 3, '2020-09-02 08:36:15', '2020-10-07 01:02:15');
INSERT INTO `media` (`id`, `user_id`, `filename`, `size`, `metadata`, `media_type_id`, `created_at`, `updated_at`) VALUES (39, 39, 'qui', 761395, NULL, 4, '2020-03-16 23:30:43', '2020-09-15 17:18:52');
INSERT INTO `media` (`id`, `user_id`, `filename`, `size`, `metadata`, `media_type_id`, `created_at`, `updated_at`) VALUES (40, 40, 'qui', 0, NULL, 5, '2020-04-10 08:27:06', '2020-10-01 12:26:45');
INSERT INTO `media` (`id`, `user_id`, `filename`, `size`, `metadata`, `media_type_id`, `created_at`, `updated_at`) VALUES (41, 41, 'ut', 926735, NULL, 1, '2020-06-28 05:20:08', '2020-10-09 23:06:31');
INSERT INTO `media` (`id`, `user_id`, `filename`, `size`, `metadata`, `media_type_id`, `created_at`, `updated_at`) VALUES (42, 42, 'molestiae', 3354, NULL, 2, '2019-11-16 15:00:39', '2020-09-16 04:25:07');
INSERT INTO `media` (`id`, `user_id`, `filename`, `size`, `metadata`, `media_type_id`, `created_at`, `updated_at`) VALUES (43, 43, 'tempora', 24093, NULL, 3, '2019-10-21 18:37:11', '2020-10-10 15:52:05');
INSERT INTO `media` (`id`, `user_id`, `filename`, `size`, `metadata`, `media_type_id`, `created_at`, `updated_at`) VALUES (44, 44, 'repudiandae', 6638726, NULL, 4, '2020-06-12 15:41:17', '2020-09-23 00:51:28');
INSERT INTO `media` (`id`, `user_id`, `filename`, `size`, `metadata`, `media_type_id`, `created_at`, `updated_at`) VALUES (45, 45, 'vitae', 50282211, NULL, 5, '2020-05-20 16:19:05', '2020-09-22 17:31:50');
INSERT INTO `media` (`id`, `user_id`, `filename`, `size`, `metadata`, `media_type_id`, `created_at`, `updated_at`) VALUES (46, 46, 'non', 714806, NULL, 1, '2020-03-19 04:50:34', '2020-10-10 01:01:20');
INSERT INTO `media` (`id`, `user_id`, `filename`, `size`, `metadata`, `media_type_id`, `created_at`, `updated_at`) VALUES (47, 47, 'et', 54, NULL, 2, '2020-04-04 22:09:15', '2020-10-06 09:47:21');
INSERT INTO `media` (`id`, `user_id`, `filename`, `size`, `metadata`, `media_type_id`, `created_at`, `updated_at`) VALUES (48, 48, 'voluptatem', 234, NULL, 3, '2020-04-27 13:39:36', '2020-10-02 20:13:24');
INSERT INTO `media` (`id`, `user_id`, `filename`, `size`, `metadata`, `media_type_id`, `created_at`, `updated_at`) VALUES (49, 49, 'dolorem', 22, NULL, 4, '2020-07-10 18:00:10', '2020-09-23 23:59:41');
INSERT INTO `media` (`id`, `user_id`, `filename`, `size`, `metadata`, `media_type_id`, `created_at`, `updated_at`) VALUES (50, 50, 'aliquid', 4023, NULL, 5, '2019-10-20 04:57:51', '2020-10-05 06:21:40');
INSERT INTO `media` (`id`, `user_id`, `filename`, `size`, `metadata`, `media_type_id`, `created_at`, `updated_at`) VALUES (51, 51, 'delectus', 8591929, NULL, 1, '2020-08-21 04:01:12', '2020-09-15 16:19:22');
INSERT INTO `media` (`id`, `user_id`, `filename`, `size`, `metadata`, `media_type_id`, `created_at`, `updated_at`) VALUES (52, 52, 'nihil', 52681946, NULL, 2, '2020-05-04 08:16:54', '2020-10-02 01:29:24');
INSERT INTO `media` (`id`, `user_id`, `filename`, `size`, `metadata`, `media_type_id`, `created_at`, `updated_at`) VALUES (53, 53, 'vel', 7480, NULL, 3, '2019-12-02 12:28:52', '2020-10-01 21:09:50');
INSERT INTO `media` (`id`, `user_id`, `filename`, `size`, `metadata`, `media_type_id`, `created_at`, `updated_at`) VALUES (54, 54, 'consequuntur', 5962, NULL, 4, '2020-03-25 00:01:35', '2020-09-26 00:58:09');
INSERT INTO `media` (`id`, `user_id`, `filename`, `size`, `metadata`, `media_type_id`, `created_at`, `updated_at`) VALUES (55, 55, 'neque', 33383672, NULL, 5, '2020-07-22 03:03:46', '2020-09-25 11:36:03');
INSERT INTO `media` (`id`, `user_id`, `filename`, `size`, `metadata`, `media_type_id`, `created_at`, `updated_at`) VALUES (56, 56, 'ad', 39, NULL, 1, '2019-12-12 06:37:26', '2020-09-23 05:51:48');
INSERT INTO `media` (`id`, `user_id`, `filename`, `size`, `metadata`, `media_type_id`, `created_at`, `updated_at`) VALUES (57, 57, 'excepturi', 92065, NULL, 2, '2020-06-05 05:52:17', '2020-09-28 04:40:46');
INSERT INTO `media` (`id`, `user_id`, `filename`, `size`, `metadata`, `media_type_id`, `created_at`, `updated_at`) VALUES (58, 58, 'omnis', 24149765, NULL, 3, '2020-01-15 04:31:12', '2020-10-08 02:55:43');
INSERT INTO `media` (`id`, `user_id`, `filename`, `size`, `metadata`, `media_type_id`, `created_at`, `updated_at`) VALUES (59, 59, 'ea', 0, NULL, 4, '2020-01-14 18:57:38', '2020-09-17 09:47:05');
INSERT INTO `media` (`id`, `user_id`, `filename`, `size`, `metadata`, `media_type_id`, `created_at`, `updated_at`) VALUES (60, 60, 'et', 420504582, NULL, 5, '2020-06-12 06:26:30', '2020-09-29 21:41:16');
INSERT INTO `media` (`id`, `user_id`, `filename`, `size`, `metadata`, `media_type_id`, `created_at`, `updated_at`) VALUES (61, 61, 'dolore', 582, NULL, 1, '2020-06-24 00:34:13', '2020-09-26 15:16:50');
INSERT INTO `media` (`id`, `user_id`, `filename`, `size`, `metadata`, `media_type_id`, `created_at`, `updated_at`) VALUES (62, 62, 'placeat', 8723, NULL, 2, '2020-05-07 17:34:23', '2020-09-29 00:19:08');
INSERT INTO `media` (`id`, `user_id`, `filename`, `size`, `metadata`, `media_type_id`, `created_at`, `updated_at`) VALUES (63, 63, 'vitae', 0, NULL, 3, '2020-07-15 14:43:54', '2020-10-12 15:44:54');
INSERT INTO `media` (`id`, `user_id`, `filename`, `size`, `metadata`, `media_type_id`, `created_at`, `updated_at`) VALUES (64, 64, 'est', 16, NULL, 4, '2020-05-30 05:54:52', '2020-10-07 22:47:49');
INSERT INTO `media` (`id`, `user_id`, `filename`, `size`, `metadata`, `media_type_id`, `created_at`, `updated_at`) VALUES (65, 65, 'hic', 897898, NULL, 5, '2019-11-02 03:59:26', '2020-10-05 08:44:13');
INSERT INTO `media` (`id`, `user_id`, `filename`, `size`, `metadata`, `media_type_id`, `created_at`, `updated_at`) VALUES (66, 66, 'autem', 90707568, NULL, 1, '2020-04-12 12:44:18', '2020-09-23 03:12:50');
INSERT INTO `media` (`id`, `user_id`, `filename`, `size`, `metadata`, `media_type_id`, `created_at`, `updated_at`) VALUES (67, 67, 'ab', 59, NULL, 2, '2020-03-01 12:06:27', '2020-09-26 02:19:14');
INSERT INTO `media` (`id`, `user_id`, `filename`, `size`, `metadata`, `media_type_id`, `created_at`, `updated_at`) VALUES (68, 68, 'fuga', 6597871, NULL, 3, '2020-02-25 22:44:59', '2020-10-04 09:56:16');
INSERT INTO `media` (`id`, `user_id`, `filename`, `size`, `metadata`, `media_type_id`, `created_at`, `updated_at`) VALUES (69, 69, 'qui', 407855, NULL, 4, '2020-01-07 14:54:08', '2020-10-04 23:32:22');
INSERT INTO `media` (`id`, `user_id`, `filename`, `size`, `metadata`, `media_type_id`, `created_at`, `updated_at`) VALUES (70, 70, 'voluptas', 2, NULL, 5, '2020-03-17 06:36:27', '2020-09-21 19:29:15');
INSERT INTO `media` (`id`, `user_id`, `filename`, `size`, `metadata`, `media_type_id`, `created_at`, `updated_at`) VALUES (71, 71, 'unde', 1339893, NULL, 1, '2020-04-14 19:22:08', '2020-09-19 18:58:32');
INSERT INTO `media` (`id`, `user_id`, `filename`, `size`, `metadata`, `media_type_id`, `created_at`, `updated_at`) VALUES (72, 72, 'corporis', 14320470, NULL, 2, '2019-12-08 02:11:01', '2020-09-17 20:40:11');
INSERT INTO `media` (`id`, `user_id`, `filename`, `size`, `metadata`, `media_type_id`, `created_at`, `updated_at`) VALUES (73, 73, 'sint', 8, NULL, 3, '2019-10-16 17:40:22', '2020-09-15 08:17:04');
INSERT INTO `media` (`id`, `user_id`, `filename`, `size`, `metadata`, `media_type_id`, `created_at`, `updated_at`) VALUES (74, 74, 'deserunt', 270995, NULL, 4, '2020-02-11 07:03:30', '2020-09-20 17:43:12');
INSERT INTO `media` (`id`, `user_id`, `filename`, `size`, `metadata`, `media_type_id`, `created_at`, `updated_at`) VALUES (75, 75, 'qui', 7, NULL, 5, '2020-09-25 09:16:53', '2020-09-14 22:29:03');
INSERT INTO `media` (`id`, `user_id`, `filename`, `size`, `metadata`, `media_type_id`, `created_at`, `updated_at`) VALUES (76, 76, 'vel', 81896972, NULL, 1, '2019-12-09 14:39:08', '2020-09-15 17:56:41');
INSERT INTO `media` (`id`, `user_id`, `filename`, `size`, `metadata`, `media_type_id`, `created_at`, `updated_at`) VALUES (77, 77, 'non', 64, NULL, 2, '2020-03-27 21:25:46', '2020-10-11 23:48:59');
INSERT INTO `media` (`id`, `user_id`, `filename`, `size`, `metadata`, `media_type_id`, `created_at`, `updated_at`) VALUES (78, 78, 'qui', 700710, NULL, 3, '2020-06-14 14:16:05', '2020-09-24 02:42:53');
INSERT INTO `media` (`id`, `user_id`, `filename`, `size`, `metadata`, `media_type_id`, `created_at`, `updated_at`) VALUES (79, 79, 'animi', 92380304, NULL, 4, '2020-09-09 14:59:46', '2020-10-09 17:41:44');
INSERT INTO `media` (`id`, `user_id`, `filename`, `size`, `metadata`, `media_type_id`, `created_at`, `updated_at`) VALUES (80, 80, 'accusamus', 44574780, NULL, 5, '2020-03-26 19:24:32', '2020-10-03 02:09:30');
INSERT INTO `media` (`id`, `user_id`, `filename`, `size`, `metadata`, `media_type_id`, `created_at`, `updated_at`) VALUES (81, 81, 'magni', 5, NULL, 1, '2020-04-07 16:38:52', '2020-10-08 09:52:23');
INSERT INTO `media` (`id`, `user_id`, `filename`, `size`, `metadata`, `media_type_id`, `created_at`, `updated_at`) VALUES (82, 82, 'tempore', 0, NULL, 2, '2020-06-27 11:57:15', '2020-10-07 10:40:39');
INSERT INTO `media` (`id`, `user_id`, `filename`, `size`, `metadata`, `media_type_id`, `created_at`, `updated_at`) VALUES (83, 83, 'dolore', 58758, NULL, 3, '2020-05-18 16:09:36', '2020-09-29 00:34:46');
INSERT INTO `media` (`id`, `user_id`, `filename`, `size`, `metadata`, `media_type_id`, `created_at`, `updated_at`) VALUES (84, 84, 'sunt', 52159, NULL, 4, '2020-06-13 17:14:58', '2020-09-21 05:20:03');
INSERT INTO `media` (`id`, `user_id`, `filename`, `size`, `metadata`, `media_type_id`, `created_at`, `updated_at`) VALUES (85, 85, 'similique', 92834, NULL, 5, '2020-07-18 01:16:35', '2020-10-11 21:45:40');
INSERT INTO `media` (`id`, `user_id`, `filename`, `size`, `metadata`, `media_type_id`, `created_at`, `updated_at`) VALUES (86, 86, 'error', 583350, NULL, 1, '2020-08-02 00:38:27', '2020-10-10 11:55:21');
INSERT INTO `media` (`id`, `user_id`, `filename`, `size`, `metadata`, `media_type_id`, `created_at`, `updated_at`) VALUES (87, 87, 'mollitia', 8978637, NULL, 2, '2020-03-12 21:21:03', '2020-09-23 06:07:13');
INSERT INTO `media` (`id`, `user_id`, `filename`, `size`, `metadata`, `media_type_id`, `created_at`, `updated_at`) VALUES (88, 88, 'voluptas', 94346184, NULL, 3, '2020-01-06 04:52:26', '2020-09-24 02:32:43');
INSERT INTO `media` (`id`, `user_id`, `filename`, `size`, `metadata`, `media_type_id`, `created_at`, `updated_at`) VALUES (89, 89, 'quaerat', 9, NULL, 4, '2020-03-07 02:17:56', '2020-10-05 22:22:16');
INSERT INTO `media` (`id`, `user_id`, `filename`, `size`, `metadata`, `media_type_id`, `created_at`, `updated_at`) VALUES (90, 90, 'quia', 95958, NULL, 5, '2020-09-13 23:56:16', '2020-10-05 02:08:26');
INSERT INTO `media` (`id`, `user_id`, `filename`, `size`, `metadata`, `media_type_id`, `created_at`, `updated_at`) VALUES (91, 91, 'non', 35637807, NULL, 1, '2020-10-04 08:14:58', '2020-10-04 07:15:45');
INSERT INTO `media` (`id`, `user_id`, `filename`, `size`, `metadata`, `media_type_id`, `created_at`, `updated_at`) VALUES (92, 92, 'fugiat', 3, NULL, 2, '2019-12-07 05:50:13', '2020-09-14 07:28:05');
INSERT INTO `media` (`id`, `user_id`, `filename`, `size`, `metadata`, `media_type_id`, `created_at`, `updated_at`) VALUES (93, 93, 'aliquid', 3625, NULL, 3, '2019-12-06 14:53:49', '2020-09-17 10:18:34');
INSERT INTO `media` (`id`, `user_id`, `filename`, `size`, `metadata`, `media_type_id`, `created_at`, `updated_at`) VALUES (94, 94, 'quas', 9899758, NULL, 4, '2020-08-22 12:56:52', '2020-09-26 09:31:04');
INSERT INTO `media` (`id`, `user_id`, `filename`, `size`, `metadata`, `media_type_id`, `created_at`, `updated_at`) VALUES (95, 95, 'earum', 35, NULL, 5, '2019-11-18 14:01:07', '2020-10-09 10:50:31');
INSERT INTO `media` (`id`, `user_id`, `filename`, `size`, `metadata`, `media_type_id`, `created_at`, `updated_at`) VALUES (96, 96, 'exercitationem', 8298089, NULL, 1, '2020-03-31 23:13:27', '2020-09-15 11:19:53');
INSERT INTO `media` (`id`, `user_id`, `filename`, `size`, `metadata`, `media_type_id`, `created_at`, `updated_at`) VALUES (97, 97, 'autem', 1, NULL, 2, '2020-02-22 10:50:29', '2020-10-09 20:52:37');
INSERT INTO `media` (`id`, `user_id`, `filename`, `size`, `metadata`, `media_type_id`, `created_at`, `updated_at`) VALUES (98, 98, 'aut', 992317, NULL, 3, '2020-04-15 17:03:10', '2020-10-08 15:38:01');
INSERT INTO `media` (`id`, `user_id`, `filename`, `size`, `metadata`, `media_type_id`, `created_at`, `updated_at`) VALUES (99, 99, 'nisi', 24, NULL, 4, '2020-04-20 11:01:23', '2020-09-20 03:52:21');
INSERT INTO `media` (`id`, `user_id`, `filename`, `size`, `metadata`, `media_type_id`, `created_at`, `updated_at`) VALUES (100, 100, 'voluptates', 2648813, NULL, 5, '2020-10-14 02:11:45', '2020-10-03 20:54:51');


#
# TABLE STRUCTURE FOR: media_likes
#

DROP TABLE IF EXISTS `media_likes`;

CREATE TABLE `media_likes` (
  `id` int(10) unsigned NOT NULL COMMENT 'Whom liked',
  `media_id` int(10) unsigned NOT NULL COMMENT 'What liked',
  `created_at` datetime DEFAULT current_timestamp() COMMENT 'Creation time',
  `updated_at` datetime DEFAULT current_timestamp() ON UPDATE current_timestamp() COMMENT 'Update time',
  PRIMARY KEY (`id`,`media_id`) COMMENT 'Composite key'
) ENGINE=InnoDB DEFAULT CHARSET=utf8 COLLATE=utf8_unicode_ci COMMENT='Media likes';

INSERT INTO `media_likes` (`id`, `media_id`, `created_at`, `updated_at`) VALUES (8, 47, '2019-10-21 11:27:03', '2020-09-26 16:17:04');
INSERT INTO `media_likes` (`id`, `media_id`, `created_at`, `updated_at`) VALUES (10, 44, '2020-06-29 03:27:23', '2020-09-28 11:19:59');
INSERT INTO `media_likes` (`id`, `media_id`, `created_at`, `updated_at`) VALUES (12, 2, '2020-03-18 13:46:46', '2020-09-17 09:14:53');
INSERT INTO `media_likes` (`id`, `media_id`, `created_at`, `updated_at`) VALUES (13, 53, '2020-08-17 17:58:51', '2020-09-28 05:59:01');
INSERT INTO `media_likes` (`id`, `media_id`, `created_at`, `updated_at`) VALUES (14, 70, '2019-11-14 15:38:58', '2020-10-13 22:09:00');
INSERT INTO `media_likes` (`id`, `media_id`, `created_at`, `updated_at`) VALUES (18, 20, '2020-07-30 17:47:16', '2020-09-23 02:30:23');
INSERT INTO `media_likes` (`id`, `media_id`, `created_at`, `updated_at`) VALUES (19, 25, '2019-11-10 01:29:05', '2020-09-16 21:51:51');
INSERT INTO `media_likes` (`id`, `media_id`, `created_at`, `updated_at`) VALUES (21, 8, '2020-08-15 03:51:40', '2020-09-19 13:28:00');
INSERT INTO `media_likes` (`id`, `media_id`, `created_at`, `updated_at`) VALUES (24, 14, '2020-08-28 02:15:57', '2020-10-06 07:01:11');
INSERT INTO `media_likes` (`id`, `media_id`, `created_at`, `updated_at`) VALUES (27, 35, '2020-05-24 17:48:35', '2020-09-27 18:33:11');
INSERT INTO `media_likes` (`id`, `media_id`, `created_at`, `updated_at`) VALUES (28, 27, '2020-02-14 22:49:20', '2020-09-29 20:08:14');
INSERT INTO `media_likes` (`id`, `media_id`, `created_at`, `updated_at`) VALUES (32, 70, '2019-12-15 16:00:08', '2020-10-13 09:42:55');
INSERT INTO `media_likes` (`id`, `media_id`, `created_at`, `updated_at`) VALUES (36, 30, '2019-11-08 15:46:49', '2020-10-11 14:10:50');
INSERT INTO `media_likes` (`id`, `media_id`, `created_at`, `updated_at`) VALUES (37, 52, '2019-12-02 03:14:34', '2020-10-06 08:32:48');
INSERT INTO `media_likes` (`id`, `media_id`, `created_at`, `updated_at`) VALUES (38, 4, '2020-01-21 22:06:44', '2020-10-11 14:01:51');
INSERT INTO `media_likes` (`id`, `media_id`, `created_at`, `updated_at`) VALUES (44, 71, '2020-05-18 17:51:19', '2020-10-08 10:01:35');
INSERT INTO `media_likes` (`id`, `media_id`, `created_at`, `updated_at`) VALUES (45, 3, '2020-10-06 04:53:43', '2020-10-07 19:46:34');
INSERT INTO `media_likes` (`id`, `media_id`, `created_at`, `updated_at`) VALUES (45, 39, '2020-08-17 16:09:38', '2020-09-30 23:52:31');
INSERT INTO `media_likes` (`id`, `media_id`, `created_at`, `updated_at`) VALUES (45, 82, '2020-02-13 19:08:05', '2020-09-21 01:10:08');
INSERT INTO `media_likes` (`id`, `media_id`, `created_at`, `updated_at`) VALUES (47, 30, '2020-09-06 23:06:27', '2020-10-03 18:49:34');
INSERT INTO `media_likes` (`id`, `media_id`, `created_at`, `updated_at`) VALUES (47, 100, '2020-03-06 17:51:48', '2020-09-20 22:37:47');
INSERT INTO `media_likes` (`id`, `media_id`, `created_at`, `updated_at`) VALUES (49, 30, '2020-01-18 19:27:56', '2020-09-25 13:04:55');
INSERT INTO `media_likes` (`id`, `media_id`, `created_at`, `updated_at`) VALUES (50, 18, '2020-02-19 18:17:42', '2020-10-12 18:14:41');
INSERT INTO `media_likes` (`id`, `media_id`, `created_at`, `updated_at`) VALUES (51, 26, '2020-07-01 16:53:29', '2020-09-19 12:08:34');
INSERT INTO `media_likes` (`id`, `media_id`, `created_at`, `updated_at`) VALUES (52, 71, '2020-07-15 02:26:46', '2020-10-11 12:54:32');
INSERT INTO `media_likes` (`id`, `media_id`, `created_at`, `updated_at`) VALUES (54, 89, '2020-09-30 23:12:59', '2020-09-24 06:31:26');
INSERT INTO `media_likes` (`id`, `media_id`, `created_at`, `updated_at`) VALUES (57, 7, '2020-09-20 22:38:26', '2020-09-23 18:38:12');
INSERT INTO `media_likes` (`id`, `media_id`, `created_at`, `updated_at`) VALUES (60, 32, '2020-07-25 19:16:44', '2020-09-21 06:35:09');
INSERT INTO `media_likes` (`id`, `media_id`, `created_at`, `updated_at`) VALUES (62, 64, '2019-12-04 05:48:14', '2020-09-17 12:28:59');
INSERT INTO `media_likes` (`id`, `media_id`, `created_at`, `updated_at`) VALUES (74, 76, '2019-11-23 14:19:44', '2020-10-09 15:43:57');
INSERT INTO `media_likes` (`id`, `media_id`, `created_at`, `updated_at`) VALUES (75, 44, '2020-01-21 12:10:49', '2020-10-09 21:59:24');
INSERT INTO `media_likes` (`id`, `media_id`, `created_at`, `updated_at`) VALUES (77, 67, '2020-08-14 08:41:23', '2020-09-21 04:34:31');
INSERT INTO `media_likes` (`id`, `media_id`, `created_at`, `updated_at`) VALUES (88, 59, '2020-06-01 08:14:54', '2020-09-19 01:59:46');
INSERT INTO `media_likes` (`id`, `media_id`, `created_at`, `updated_at`) VALUES (91, 2, '2020-04-28 21:01:03', '2020-09-25 20:09:16');
INSERT INTO `media_likes` (`id`, `media_id`, `created_at`, `updated_at`) VALUES (92, 75, '2020-05-03 13:02:30', '2020-09-16 16:36:08');
INSERT INTO `media_likes` (`id`, `media_id`, `created_at`, `updated_at`) VALUES (93, 52, '2020-01-11 08:56:05', '2020-10-12 19:42:18');
INSERT INTO `media_likes` (`id`, `media_id`, `created_at`, `updated_at`) VALUES (94, 16, '2019-12-22 02:06:38', '2020-09-14 16:51:30');
INSERT INTO `media_likes` (`id`, `media_id`, `created_at`, `updated_at`) VALUES (94, 98, '2019-11-14 00:48:56', '2020-09-22 00:19:19');


#
# TABLE STRUCTURE FOR: media_types
#

DROP TABLE IF EXISTS `media_types`;

CREATE TABLE `media_types` (
  `id` int(10) unsigned NOT NULL AUTO_INCREMENT COMMENT 'Row id',
  `name` varchar(255) COLLATE utf8_unicode_ci NOT NULL COMMENT 'Type',
  `created_at` datetime DEFAULT current_timestamp() COMMENT 'Creation time',
  `updated_at` datetime DEFAULT current_timestamp() ON UPDATE current_timestamp() COMMENT 'Update time',
  PRIMARY KEY (`id`),
  UNIQUE KEY `name` (`name`)
) ENGINE=InnoDB AUTO_INCREMENT=21 DEFAULT CHARSET=utf8 COLLATE=utf8_unicode_ci COMMENT='Media types';

INSERT INTO `media_types` (`id`, `name`, `created_at`, `updated_at`) VALUES (1, 'oth', '2016-10-23 02:18:26', '2020-10-04 19:09:08');
INSERT INTO `media_types` (`id`, `name`, `created_at`, `updated_at`) VALUES (2, 'sub', '2012-12-30 06:12:18', '2020-09-17 16:06:31');
INSERT INTO `media_types` (`id`, `name`, `created_at`, `updated_at`) VALUES (3, 'igl', '2016-12-15 01:29:57', '2020-09-25 18:13:47');
INSERT INTO `media_types` (`id`, `name`, `created_at`, `updated_at`) VALUES (4, 'ulx', '2017-08-26 15:32:24', '2020-10-14 06:41:51');
INSERT INTO `media_types` (`id`, `name`, `created_at`, `updated_at`) VALUES (5, 'wspolicy', '2016-01-08 12:14:29', '2020-10-04 18:20:51');
INSERT INTO `media_types` (`id`, `name`, `created_at`, `updated_at`) VALUES (6, '3g2', '2017-03-18 19:06:35', '2020-09-23 02:35:41');
INSERT INTO `media_types` (`id`, `name`, `created_at`, `updated_at`) VALUES (7, 'wmz', '2010-12-16 04:55:02', '2020-09-30 02:15:31');
INSERT INTO `media_types` (`id`, `name`, `created_at`, `updated_at`) VALUES (8, 'sse', '2015-08-28 19:23:03', '2020-10-12 19:19:44');
INSERT INTO `media_types` (`id`, `name`, `created_at`, `updated_at`) VALUES (9, 'kwd', '2016-11-07 21:12:44', '2020-09-29 23:33:31');
INSERT INTO `media_types` (`id`, `name`, `created_at`, `updated_at`) VALUES (10, 'xml', '2017-02-20 09:58:34', '2020-09-28 18:46:37');
INSERT INTO `media_types` (`id`, `name`, `created_at`, `updated_at`) VALUES (11, 'sgi', '2016-01-15 00:19:56', '2020-09-19 00:20:27');
INSERT INTO `media_types` (`id`, `name`, `created_at`, `updated_at`) VALUES (12, 'xpi', '2014-01-19 11:08:09', '2020-10-05 07:06:04');
INSERT INTO `media_types` (`id`, `name`, `created_at`, `updated_at`) VALUES (13, 'pskcxml', '2020-04-12 02:23:42', '2020-09-30 18:58:43');
INSERT INTO `media_types` (`id`, `name`, `created_at`, `updated_at`) VALUES (14, 'sc', '2011-11-29 08:45:49', '2020-09-23 10:06:55');
INSERT INTO `media_types` (`id`, `name`, `created_at`, `updated_at`) VALUES (15, 'sgml', '2014-05-01 14:56:49', '2020-09-28 15:37:19');
INSERT INTO `media_types` (`id`, `name`, `created_at`, `updated_at`) VALUES (16, 'ims', '2013-03-11 05:48:53', '2020-10-09 19:00:49');
INSERT INTO `media_types` (`id`, `name`, `created_at`, `updated_at`) VALUES (17, 'spot', '2014-10-08 15:25:15', '2020-10-02 01:32:49');
INSERT INTO `media_types` (`id`, `name`, `created_at`, `updated_at`) VALUES (18, 'vob', '2013-08-16 19:55:42', '2020-09-16 14:22:05');
INSERT INTO `media_types` (`id`, `name`, `created_at`, `updated_at`) VALUES (19, 'ecma', '2018-06-16 00:20:59', '2020-09-15 07:30:07');
INSERT INTO `media_types` (`id`, `name`, `created_at`, `updated_at`) VALUES (20, 'svd', '2015-09-07 22:34:18', '2020-09-15 01:47:42');


#
# TABLE STRUCTURE FOR: messages
#

DROP TABLE IF EXISTS `messages`;

CREATE TABLE `messages` (
  `id` int(10) unsigned NOT NULL AUTO_INCREMENT COMMENT 'Row id',
  `from_user_id` int(10) unsigned NOT NULL COMMENT 'Sender',
  `to_user_id` int(10) unsigned NOT NULL COMMENT 'Reciever',
  `body` text COLLATE utf8_unicode_ci NOT NULL COMMENT 'Text',
  `is_important` tinyint(1) DEFAULT NULL COMMENT 'Importance',
  `is_delivered` tinyint(1) DEFAULT NULL COMMENT 'Deliver Flag',
  `created_at` datetime DEFAULT current_timestamp() COMMENT 'Creation time',
  `updated_at` datetime DEFAULT current_timestamp() ON UPDATE current_timestamp() COMMENT 'Update time',
  PRIMARY KEY (`id`)
) ENGINE=InnoDB AUTO_INCREMENT=51 DEFAULT CHARSET=utf8 COLLATE=utf8_unicode_ci COMMENT='Messages';

INSERT INTO `messages` (`id`, `from_user_id`, `to_user_id`, `body`, `is_important`, `is_delivered`, `created_at`, `updated_at`) VALUES (1, 51, 21, 'Maxime pariatur eligendi suscipit et non enim dolorem cum. Ut saepe aliquam sit quidem eos facilis numquam. Sit possimus nemo sed cumque. Facilis aut excepturi labore.', 1, 1, '2020-04-16 13:36:05', '2020-10-12 20:15:28');
INSERT INTO `messages` (`id`, `from_user_id`, `to_user_id`, `body`, `is_important`, `is_delivered`, `created_at`, `updated_at`) VALUES (2, 14, 28, 'Autem molestias eos enim placeat voluptas. Qui incidunt dicta vel autem. Consequatur praesentium quisquam odit et. Itaque deleniti eum eum et qui.', 0, 1, '2020-05-17 10:13:34', '2020-09-18 17:07:28');
INSERT INTO `messages` (`id`, `from_user_id`, `to_user_id`, `body`, `is_important`, `is_delivered`, `created_at`, `updated_at`) VALUES (3, 86, 63, 'Beatae sunt quas corrupti voluptate reiciendis deserunt optio eum. Adipisci maiores praesentium cupiditate ab impedit. Commodi ea eum illo.', 1, 1, '2020-07-08 20:40:14', '2020-10-07 13:24:55');
INSERT INTO `messages` (`id`, `from_user_id`, `to_user_id`, `body`, `is_important`, `is_delivered`, `created_at`, `updated_at`) VALUES (4, 18, 1, 'Omnis et et quia aut magnam. Unde quos quod modi nihil quo dignissimos. Consequatur est pariatur dolorem quia. Dolor nisi accusantium quibusdam laborum aperiam ea. At quis in enim vitae rem debitis ut.', 1, 0, '2020-06-07 00:46:38', '2020-10-11 14:50:28');
INSERT INTO `messages` (`id`, `from_user_id`, `to_user_id`, `body`, `is_important`, `is_delivered`, `created_at`, `updated_at`) VALUES (5, 27, 57, 'Et quis voluptas aut veniam. Nobis nemo maxime quae pariatur debitis quos in. Autem asperiores consectetur magni fugiat veritatis dicta quidem. Nihil ad exercitationem odio dolor.', 0, 0, '2020-02-11 15:23:38', '2020-09-27 12:58:04');
INSERT INTO `messages` (`id`, `from_user_id`, `to_user_id`, `body`, `is_important`, `is_delivered`, `created_at`, `updated_at`) VALUES (6, 78, 74, 'Rem animi vitae vel sunt. Debitis vitae dolorem eum quod voluptatem vero consequatur eius.', 0, 0, '2020-01-02 04:22:54', '2020-09-28 04:39:29');
INSERT INTO `messages` (`id`, `from_user_id`, `to_user_id`, `body`, `is_important`, `is_delivered`, `created_at`, `updated_at`) VALUES (7, 21, 42, 'Eaque tenetur nemo et ea. Quisquam at et porro tempore voluptatem id.', 1, 0, '2020-02-02 17:42:54', '2020-09-20 03:03:56');
INSERT INTO `messages` (`id`, `from_user_id`, `to_user_id`, `body`, `is_important`, `is_delivered`, `created_at`, `updated_at`) VALUES (8, 64, 40, 'Est aspernatur facere consequatur et et voluptatem qui. Et cumque ipsa necessitatibus accusamus culpa perferendis tempora. Numquam quae consequatur aspernatur soluta dolor. Consequuntur magni cumque quia atque quia.', 1, 1, '2019-12-29 11:29:03', '2020-10-12 16:52:25');
INSERT INTO `messages` (`id`, `from_user_id`, `to_user_id`, `body`, `is_important`, `is_delivered`, `created_at`, `updated_at`) VALUES (9, 100, 12, 'Sit dolor temporibus exercitationem dolor aut iste et praesentium. Assumenda eum et possimus.', 1, 1, '2020-01-22 02:19:48', '2020-09-29 22:24:54');
INSERT INTO `messages` (`id`, `from_user_id`, `to_user_id`, `body`, `is_important`, `is_delivered`, `created_at`, `updated_at`) VALUES (10, 21, 10, 'Maiores eligendi minima quia magnam molestiae aperiam. Sunt quia eos id. Dolor exercitationem mollitia quod explicabo qui.', 1, 1, '2019-10-22 14:18:38', '2020-09-28 00:56:58');
INSERT INTO `messages` (`id`, `from_user_id`, `to_user_id`, `body`, `is_important`, `is_delivered`, `created_at`, `updated_at`) VALUES (11, 77, 42, 'Sapiente quae quod hic molestias sed. Aliquam aut unde eos consequatur dolorem et in. Voluptatibus ut enim dolor voluptates. Sit saepe et dolorum asperiores iste optio.', 1, 0, '2020-05-19 06:43:00', '2020-10-01 11:10:12');
INSERT INTO `messages` (`id`, `from_user_id`, `to_user_id`, `body`, `is_important`, `is_delivered`, `created_at`, `updated_at`) VALUES (12, 97, 98, 'Ut veritatis neque voluptatum quo aut. Rerum optio eum molestias qui placeat et assumenda. Consequuntur qui accusamus molestiae ut facere sequi non quia.', 0, 1, '2020-05-19 16:38:02', '2020-10-06 14:48:16');
INSERT INTO `messages` (`id`, `from_user_id`, `to_user_id`, `body`, `is_important`, `is_delivered`, `created_at`, `updated_at`) VALUES (13, 10, 70, 'Est non quo dolore. Ipsa velit excepturi sint occaecati aut tempore. Voluptatem possimus voluptas eligendi.', 1, 0, '2020-08-28 03:17:40', '2020-09-27 03:27:34');
INSERT INTO `messages` (`id`, `from_user_id`, `to_user_id`, `body`, `is_important`, `is_delivered`, `created_at`, `updated_at`) VALUES (14, 60, 75, 'Rerum fuga nihil eum. Assumenda aut optio libero et voluptatibus. Eius quos id rerum ea quis corrupti.', 1, 0, '2019-11-07 03:34:09', '2020-10-01 06:37:33');
INSERT INTO `messages` (`id`, `from_user_id`, `to_user_id`, `body`, `is_important`, `is_delivered`, `created_at`, `updated_at`) VALUES (15, 27, 88, 'Ducimus eaque voluptate sunt repellendus vel iste. Itaque quas omnis hic ut. Consectetur tempora reiciendis sed ad.', 0, 1, '2020-09-18 00:46:30', '2020-10-03 20:10:09');
INSERT INTO `messages` (`id`, `from_user_id`, `to_user_id`, `body`, `is_important`, `is_delivered`, `created_at`, `updated_at`) VALUES (16, 16, 77, 'Ut nemo similique est quia enim. Quo error dicta minus rerum vel. Sit quo ab doloremque amet dolores debitis.', 1, 1, '2020-08-14 15:49:52', '2020-10-10 11:58:40');
INSERT INTO `messages` (`id`, `from_user_id`, `to_user_id`, `body`, `is_important`, `is_delivered`, `created_at`, `updated_at`) VALUES (17, 8, 29, 'Molestiae dolor perferendis nihil odio. Iure fuga iure aspernatur asperiores cupiditate repudiandae omnis. Quidem vitae ipsum sit quam.', 0, 1, '2020-09-01 02:08:51', '2020-10-05 07:28:57');
INSERT INTO `messages` (`id`, `from_user_id`, `to_user_id`, `body`, `is_important`, `is_delivered`, `created_at`, `updated_at`) VALUES (18, 5, 94, 'Id voluptatibus voluptas culpa tenetur molestiae hic adipisci. Commodi sed soluta eligendi quo beatae. Veniam ullam qui laboriosam sit non ullam.', 1, 1, '2020-09-21 02:29:06', '2020-09-18 15:31:28');
INSERT INTO `messages` (`id`, `from_user_id`, `to_user_id`, `body`, `is_important`, `is_delivered`, `created_at`, `updated_at`) VALUES (19, 92, 22, 'Ipsam distinctio excepturi ut molestias temporibus laborum. Est quasi repudiandae accusantium inventore sint expedita. Quisquam exercitationem et neque.', 0, 0, '2019-11-13 07:03:17', '2020-09-24 20:32:25');
INSERT INTO `messages` (`id`, `from_user_id`, `to_user_id`, `body`, `is_important`, `is_delivered`, `created_at`, `updated_at`) VALUES (20, 94, 18, 'Rerum cum corporis doloremque. Dolore laudantium ad voluptas totam alias.', 0, 1, '2020-09-22 21:22:13', '2020-10-04 00:04:04');
INSERT INTO `messages` (`id`, `from_user_id`, `to_user_id`, `body`, `is_important`, `is_delivered`, `created_at`, `updated_at`) VALUES (21, 79, 72, 'Recusandae sint tempora beatae quia accusamus non. Eos consequatur velit maiores aut.', 0, 0, '2020-02-06 10:17:19', '2020-09-28 05:49:24');
INSERT INTO `messages` (`id`, `from_user_id`, `to_user_id`, `body`, `is_important`, `is_delivered`, `created_at`, `updated_at`) VALUES (22, 92, 99, 'Quod repudiandae omnis deserunt qui consequatur eum quas fugit. Aut officia eaque dolor eveniet.', 1, 0, '2020-10-04 14:49:01', '2020-10-02 18:06:51');
INSERT INTO `messages` (`id`, `from_user_id`, `to_user_id`, `body`, `is_important`, `is_delivered`, `created_at`, `updated_at`) VALUES (23, 13, 55, 'Ut voluptas dolor sed. Magnam aut voluptatem ut quia eaque et occaecati est. Asperiores sit quos ut nostrum sit reprehenderit necessitatibus.', 1, 0, '2019-12-07 04:06:38', '2020-10-08 07:50:15');
INSERT INTO `messages` (`id`, `from_user_id`, `to_user_id`, `body`, `is_important`, `is_delivered`, `created_at`, `updated_at`) VALUES (24, 38, 13, 'Error ut aut voluptas voluptates non. Voluptas explicabo nobis quae ratione et perspiciatis deleniti rerum. Beatae rerum ut quia tempore velit. Quis ut aut eaque quia quo.', 0, 1, '2019-11-14 23:24:39', '2020-09-24 09:55:37');
INSERT INTO `messages` (`id`, `from_user_id`, `to_user_id`, `body`, `is_important`, `is_delivered`, `created_at`, `updated_at`) VALUES (25, 67, 58, 'Amet ex quis quam cupiditate provident aut exercitationem. Voluptas in eius ut qui. Voluptas dolor aut rerum enim.', 1, 1, '2020-05-19 02:00:55', '2020-10-09 23:43:21');
INSERT INTO `messages` (`id`, `from_user_id`, `to_user_id`, `body`, `is_important`, `is_delivered`, `created_at`, `updated_at`) VALUES (26, 22, 44, 'Commodi ipsam nobis porro ducimus. Quos voluptatem rerum debitis tempora a ea ipsa. Nostrum numquam impedit in. Quaerat voluptatibus voluptas iure. Explicabo magnam sunt ut aperiam aliquam impedit quia.', 1, 1, '2020-01-12 17:59:33', '2020-09-24 23:17:42');
INSERT INTO `messages` (`id`, `from_user_id`, `to_user_id`, `body`, `is_important`, `is_delivered`, `created_at`, `updated_at`) VALUES (27, 100, 19, 'Voluptatibus minus perspiciatis nobis veritatis accusantium sint dignissimos pariatur. Aut ducimus ex voluptates eveniet impedit molestiae. Consectetur et ducimus voluptate sit sapiente soluta. Dolorum aperiam eum quia amet facilis provident.', 1, 1, '2020-09-03 21:55:18', '2020-10-02 12:52:20');
INSERT INTO `messages` (`id`, `from_user_id`, `to_user_id`, `body`, `is_important`, `is_delivered`, `created_at`, `updated_at`) VALUES (28, 41, 9, 'Doloribus debitis maxime et ipsum ut ipsam. Sit minus esse provident id.', 1, 1, '2020-08-23 03:53:37', '2020-09-29 00:50:07');
INSERT INTO `messages` (`id`, `from_user_id`, `to_user_id`, `body`, `is_important`, `is_delivered`, `created_at`, `updated_at`) VALUES (29, 88, 1, 'Repellendus a ducimus quo debitis sit. Et dolores veritatis autem et. Sequi voluptatibus et sint perspiciatis.', 0, 0, '2020-05-28 15:12:49', '2020-09-28 07:22:48');
INSERT INTO `messages` (`id`, `from_user_id`, `to_user_id`, `body`, `is_important`, `is_delivered`, `created_at`, `updated_at`) VALUES (30, 84, 15, 'Quas quod exercitationem aperiam enim. Eveniet amet esse ipsam officiis fugiat et quaerat. At voluptas sed ducimus.', 0, 1, '2019-12-15 16:00:08', '2020-09-20 16:27:14');
INSERT INTO `messages` (`id`, `from_user_id`, `to_user_id`, `body`, `is_important`, `is_delivered`, `created_at`, `updated_at`) VALUES (31, 88, 99, 'Nemo quaerat unde eius ea sint a optio facere. Ad nihil blanditiis magnam at. Rerum modi et et neque sed in in. Ea nesciunt consequatur sit dolores ut ea et.', 0, 0, '2019-12-19 00:23:21', '2020-09-29 00:53:40');
INSERT INTO `messages` (`id`, `from_user_id`, `to_user_id`, `body`, `is_important`, `is_delivered`, `created_at`, `updated_at`) VALUES (32, 91, 96, 'Dolore nemo libero quia eligendi ipsa. Et voluptatem cumque et suscipit culpa voluptas incidunt. Voluptates maxime explicabo et nesciunt rerum error. Facilis dolores autem ut quo cum consequatur accusamus.', 0, 0, '2019-12-14 19:38:04', '2020-10-06 13:06:29');
INSERT INTO `messages` (`id`, `from_user_id`, `to_user_id`, `body`, `is_important`, `is_delivered`, `created_at`, `updated_at`) VALUES (33, 28, 96, 'Cupiditate hic repellat eaque alias exercitationem ex. Eligendi quis dolorem error quis aperiam velit nobis. Non non voluptas non et.', 0, 1, '2020-07-31 05:08:37', '2020-09-17 22:25:52');
INSERT INTO `messages` (`id`, `from_user_id`, `to_user_id`, `body`, `is_important`, `is_delivered`, `created_at`, `updated_at`) VALUES (34, 89, 20, 'Sunt quis vitae vel occaecati vel alias commodi consectetur. Illo vero in consequatur natus dolorem ex dolorem. Commodi est excepturi ut est soluta.', 1, 0, '2020-10-06 04:05:42', '2020-10-04 04:34:58');
INSERT INTO `messages` (`id`, `from_user_id`, `to_user_id`, `body`, `is_important`, `is_delivered`, `created_at`, `updated_at`) VALUES (35, 17, 82, 'Sit dolores sed sed distinctio nobis. Qui et rerum quia assumenda nesciunt.', 0, 0, '2020-03-09 22:50:40', '2020-10-13 11:22:58');
INSERT INTO `messages` (`id`, `from_user_id`, `to_user_id`, `body`, `is_important`, `is_delivered`, `created_at`, `updated_at`) VALUES (36, 37, 95, 'Nulla velit qui magnam assumenda. Eum consequatur qui et rerum nemo. Harum repellat doloremque voluptatem ut dolor et sed corrupti.', 0, 1, '2020-10-11 06:33:24', '2020-09-21 06:38:17');
INSERT INTO `messages` (`id`, `from_user_id`, `to_user_id`, `body`, `is_important`, `is_delivered`, `created_at`, `updated_at`) VALUES (37, 54, 29, 'Quia architecto qui officia enim rerum perspiciatis qui at. Voluptatem facere architecto velit. Magnam voluptas odit voluptatum eligendi voluptates nihil.', 1, 1, '2020-03-19 01:02:59', '2020-09-20 08:51:46');
INSERT INTO `messages` (`id`, `from_user_id`, `to_user_id`, `body`, `is_important`, `is_delivered`, `created_at`, `updated_at`) VALUES (38, 94, 67, 'Aliquid et delectus officiis quidem non eaque dignissimos. Doloremque quia minima dolores numquam deleniti. Ut nostrum iusto natus tenetur voluptas illo voluptas hic. Nulla est facilis est ex ratione veritatis.', 1, 0, '2020-04-12 22:15:19', '2020-10-02 05:59:44');
INSERT INTO `messages` (`id`, `from_user_id`, `to_user_id`, `body`, `is_important`, `is_delivered`, `created_at`, `updated_at`) VALUES (39, 84, 31, 'Sunt animi cupiditate qui et eum omnis. Explicabo et natus recusandae perspiciatis quia. Ut cumque vel tempore.', 0, 1, '2020-01-09 20:27:15', '2020-09-19 01:13:13');
INSERT INTO `messages` (`id`, `from_user_id`, `to_user_id`, `body`, `is_important`, `is_delivered`, `created_at`, `updated_at`) VALUES (40, 79, 50, 'Quidem neque qui accusantium temporibus ut fugiat. Ut et et dolore temporibus consectetur enim doloribus. Dolores fuga sit quibusdam eum. Saepe consequatur qui dolorem deserunt provident doloribus.', 1, 0, '2020-02-01 02:28:30', '2020-10-03 18:03:17');
INSERT INTO `messages` (`id`, `from_user_id`, `to_user_id`, `body`, `is_important`, `is_delivered`, `created_at`, `updated_at`) VALUES (41, 89, 100, 'Nemo consequatur natus et dolorem laborum hic. Voluptas facilis eligendi aspernatur voluptatum. Labore est perferendis numquam ut libero facilis. Aspernatur recusandae accusamus deleniti rerum.', 0, 0, '2020-06-14 11:44:18', '2020-10-14 04:57:57');
INSERT INTO `messages` (`id`, `from_user_id`, `to_user_id`, `body`, `is_important`, `is_delivered`, `created_at`, `updated_at`) VALUES (42, 93, 88, 'Aut quas dolores aut et eum nostrum. Iste debitis ipsa reiciendis velit.', 0, 1, '2019-12-20 23:13:05', '2020-09-22 12:30:00');
INSERT INTO `messages` (`id`, `from_user_id`, `to_user_id`, `body`, `is_important`, `is_delivered`, `created_at`, `updated_at`) VALUES (43, 18, 34, 'Explicabo quibusdam omnis sed sed sed aut voluptatem. Facilis non est deleniti. Dolorem eveniet asperiores consequatur pariatur cupiditate. In architecto incidunt cupiditate vel porro atque.', 0, 1, '2020-10-05 02:20:24', '2020-09-15 06:18:13');
INSERT INTO `messages` (`id`, `from_user_id`, `to_user_id`, `body`, `is_important`, `is_delivered`, `created_at`, `updated_at`) VALUES (44, 97, 6, 'Fugiat eos dolorem eligendi beatae. Dolores autem mollitia voluptatem quisquam nam et.', 1, 0, '2020-03-29 07:09:19', '2020-09-17 19:45:24');
INSERT INTO `messages` (`id`, `from_user_id`, `to_user_id`, `body`, `is_important`, `is_delivered`, `created_at`, `updated_at`) VALUES (45, 34, 80, 'A facere eum ullam nesciunt eum animi. Eum vitae enim repudiandae temporibus impedit quia perferendis ratione. Quos reprehenderit vitae aliquam non. Molestias sint laboriosam et. Deserunt placeat sint incidunt ut optio dolorem nam.', 1, 0, '2020-01-09 12:19:06', '2020-10-03 18:01:47');
INSERT INTO `messages` (`id`, `from_user_id`, `to_user_id`, `body`, `is_important`, `is_delivered`, `created_at`, `updated_at`) VALUES (46, 20, 21, 'Inventore dolore labore sunt praesentium porro vitae. Repellat quia doloribus exercitationem ut et animi. Odit quibusdam qui quo sit dolorum.', 0, 0, '2020-01-31 15:01:58', '2020-09-24 16:54:45');
INSERT INTO `messages` (`id`, `from_user_id`, `to_user_id`, `body`, `is_important`, `is_delivered`, `created_at`, `updated_at`) VALUES (47, 79, 11, 'Repellendus voluptatem molestiae blanditiis vel sed et. Doloribus qui laboriosam rerum asperiores. Tenetur delectus assumenda in voluptas pariatur eos voluptatem. Quis eveniet qui rerum voluptatibus cupiditate.', 0, 1, '2020-02-29 11:25:57', '2020-10-04 20:46:51');
INSERT INTO `messages` (`id`, `from_user_id`, `to_user_id`, `body`, `is_important`, `is_delivered`, `created_at`, `updated_at`) VALUES (48, 16, 6, 'Sunt est quasi ullam velit sed provident. Aliquam cupiditate aut fugit voluptas voluptates. Delectus explicabo aperiam et illum quisquam. Laborum aut voluptatem culpa nulla quia quae.', 1, 0, '2020-09-18 14:58:45', '2020-09-29 06:48:52');
INSERT INTO `messages` (`id`, `from_user_id`, `to_user_id`, `body`, `is_important`, `is_delivered`, `created_at`, `updated_at`) VALUES (49, 6, 5, 'Non consequatur voluptas nesciunt rerum. Aspernatur ea esse qui. Ratione sunt atque ratione eius aliquam et.', 0, 1, '2020-01-11 23:41:56', '2020-09-25 19:17:09');
INSERT INTO `messages` (`id`, `from_user_id`, `to_user_id`, `body`, `is_important`, `is_delivered`, `created_at`, `updated_at`) VALUES (50, 26, 23, 'Et deserunt temporibus veritatis maxime. Voluptas qui illo et dignissimos sapiente nulla quo officiis. Et placeat numquam in. Quis omnis porro ut quidem rerum ut.', 0, 0, '2020-05-04 01:08:43', '2020-10-10 08:18:38');


#
# TABLE STRUCTURE FOR: post_likes
#

DROP TABLE IF EXISTS `post_likes`;

CREATE TABLE `post_likes` (
  `id` int(10) unsigned NOT NULL COMMENT 'Whom liked',
  `post_id` int(10) unsigned NOT NULL COMMENT 'What liked',
  `created_at` datetime DEFAULT current_timestamp() COMMENT 'Creation time',
  `updated_at` datetime DEFAULT current_timestamp() ON UPDATE current_timestamp() COMMENT 'Update time',
  PRIMARY KEY (`id`,`post_id`) COMMENT 'Composite key'
) ENGINE=InnoDB DEFAULT CHARSET=utf8 COLLATE=utf8_unicode_ci COMMENT='Post likes';

INSERT INTO `post_likes` (`id`, `post_id`, `created_at`, `updated_at`) VALUES (1, 0, '2020-06-15 04:23:20', '2020-09-17 17:28:26');
INSERT INTO `post_likes` (`id`, `post_id`, `created_at`, `updated_at`) VALUES (1, 445, '2020-09-24 09:45:11', '2020-09-19 23:50:51');
INSERT INTO `post_likes` (`id`, `post_id`, `created_at`, `updated_at`) VALUES (2, 24350, '2020-04-05 04:12:17', '2020-09-16 00:46:14');
INSERT INTO `post_likes` (`id`, `post_id`, `created_at`, `updated_at`) VALUES (2, 406577394, '2020-02-10 12:47:04', '2020-09-19 16:19:22');
INSERT INTO `post_likes` (`id`, `post_id`, `created_at`, `updated_at`) VALUES (3, 523, '2019-12-14 17:45:19', '2020-10-08 18:31:24');
INSERT INTO `post_likes` (`id`, `post_id`, `created_at`, `updated_at`) VALUES (3, 835470290, '2019-11-09 11:46:36', '2020-10-10 07:13:28');
INSERT INTO `post_likes` (`id`, `post_id`, `created_at`, `updated_at`) VALUES (4, 1505, '2020-08-08 02:29:14', '2020-10-04 10:48:13');
INSERT INTO `post_likes` (`id`, `post_id`, `created_at`, `updated_at`) VALUES (4, 467731601, '2019-12-26 01:25:48', '2020-09-21 23:42:47');
INSERT INTO `post_likes` (`id`, `post_id`, `created_at`, `updated_at`) VALUES (5, 35175682, '2020-07-08 00:59:06', '2020-10-12 20:21:22');
INSERT INTO `post_likes` (`id`, `post_id`, `created_at`, `updated_at`) VALUES (5, 309320572, '2020-09-11 05:53:46', '2020-10-13 22:31:52');
INSERT INTO `post_likes` (`id`, `post_id`, `created_at`, `updated_at`) VALUES (6, 7, '2020-03-04 19:38:28', '2020-09-27 08:50:24');
INSERT INTO `post_likes` (`id`, `post_id`, `created_at`, `updated_at`) VALUES (6, 59670, '2020-03-21 10:50:03', '2020-10-05 14:36:17');
INSERT INTO `post_likes` (`id`, `post_id`, `created_at`, `updated_at`) VALUES (7, 8570572, '2019-12-16 01:55:29', '2020-09-14 12:27:45');
INSERT INTO `post_likes` (`id`, `post_id`, `created_at`, `updated_at`) VALUES (7, 83899031, '2020-02-02 15:12:23', '2020-09-14 20:30:51');
INSERT INTO `post_likes` (`id`, `post_id`, `created_at`, `updated_at`) VALUES (8, 52842, '2020-07-04 05:34:04', '2020-10-09 21:48:24');
INSERT INTO `post_likes` (`id`, `post_id`, `created_at`, `updated_at`) VALUES (8, 27062675, '2020-03-23 13:04:05', '2020-10-06 03:22:27');
INSERT INTO `post_likes` (`id`, `post_id`, `created_at`, `updated_at`) VALUES (9, 0, '2019-12-13 00:13:24', '2020-10-09 15:43:02');
INSERT INTO `post_likes` (`id`, `post_id`, `created_at`, `updated_at`) VALUES (9, 48946462, '2020-04-02 09:37:03', '2020-09-20 06:43:11');
INSERT INTO `post_likes` (`id`, `post_id`, `created_at`, `updated_at`) VALUES (10, 4, '2020-06-22 16:22:11', '2020-10-09 11:12:09');
INSERT INTO `post_likes` (`id`, `post_id`, `created_at`, `updated_at`) VALUES (10, 8252, '2020-03-28 21:33:08', '2020-10-02 02:43:15');
INSERT INTO `post_likes` (`id`, `post_id`, `created_at`, `updated_at`) VALUES (11, 13336, '2020-01-28 20:31:40', '2020-10-05 15:02:16');
INSERT INTO `post_likes` (`id`, `post_id`, `created_at`, `updated_at`) VALUES (11, 3385806, '2020-05-18 15:44:59', '2020-09-18 09:19:22');
INSERT INTO `post_likes` (`id`, `post_id`, `created_at`, `updated_at`) VALUES (12, 2516, '2020-10-06 19:33:34', '2020-09-23 11:25:34');
INSERT INTO `post_likes` (`id`, `post_id`, `created_at`, `updated_at`) VALUES (12, 27858, '2020-01-19 13:54:42', '2020-09-15 07:58:07');
INSERT INTO `post_likes` (`id`, `post_id`, `created_at`, `updated_at`) VALUES (13, 5927, '2020-01-27 09:41:39', '2020-09-22 14:02:35');
INSERT INTO `post_likes` (`id`, `post_id`, `created_at`, `updated_at`) VALUES (13, 304218298, '2019-10-23 20:04:18', '2020-10-14 01:58:19');
INSERT INTO `post_likes` (`id`, `post_id`, `created_at`, `updated_at`) VALUES (14, 0, '2020-04-29 07:37:01', '2020-10-12 03:36:10');
INSERT INTO `post_likes` (`id`, `post_id`, `created_at`, `updated_at`) VALUES (14, 266737, '2020-08-28 02:04:19', '2020-09-29 01:21:18');
INSERT INTO `post_likes` (`id`, `post_id`, `created_at`, `updated_at`) VALUES (15, 18, '2019-10-18 06:44:42', '2020-10-04 00:04:46');
INSERT INTO `post_likes` (`id`, `post_id`, `created_at`, `updated_at`) VALUES (15, 285679862, '2020-10-12 03:39:44', '2020-09-20 23:56:00');
INSERT INTO `post_likes` (`id`, `post_id`, `created_at`, `updated_at`) VALUES (16, 3, '2019-12-18 05:52:59', '2020-09-16 12:23:02');
INSERT INTO `post_likes` (`id`, `post_id`, `created_at`, `updated_at`) VALUES (16, 842, '2020-10-10 23:55:05', '2020-10-13 03:05:18');
INSERT INTO `post_likes` (`id`, `post_id`, `created_at`, `updated_at`) VALUES (17, 644, '2020-05-05 12:05:47', '2020-09-29 20:24:53');
INSERT INTO `post_likes` (`id`, `post_id`, `created_at`, `updated_at`) VALUES (17, 595965919, '2020-06-09 01:44:50', '2020-10-07 18:22:15');
INSERT INTO `post_likes` (`id`, `post_id`, `created_at`, `updated_at`) VALUES (18, 8, '2020-02-05 12:10:12', '2020-09-17 04:49:12');
INSERT INTO `post_likes` (`id`, `post_id`, `created_at`, `updated_at`) VALUES (18, 17876390, '2020-08-11 18:56:06', '2020-09-24 11:00:08');
INSERT INTO `post_likes` (`id`, `post_id`, `created_at`, `updated_at`) VALUES (19, 52, '2020-07-14 19:40:05', '2020-09-15 12:06:11');
INSERT INTO `post_likes` (`id`, `post_id`, `created_at`, `updated_at`) VALUES (19, 9943, '2019-11-15 15:04:30', '2020-09-20 20:06:11');
INSERT INTO `post_likes` (`id`, `post_id`, `created_at`, `updated_at`) VALUES (20, 779, '2019-11-23 22:16:02', '2020-10-04 11:17:22');
INSERT INTO `post_likes` (`id`, `post_id`, `created_at`, `updated_at`) VALUES (20, 772748074, '2020-05-14 02:34:43', '2020-09-30 07:49:16');
INSERT INTO `post_likes` (`id`, `post_id`, `created_at`, `updated_at`) VALUES (21, 95859, '2020-05-14 07:29:01', '2020-10-12 18:52:50');
INSERT INTO `post_likes` (`id`, `post_id`, `created_at`, `updated_at`) VALUES (21, 403730, '2020-01-19 06:18:36', '2020-09-25 21:56:10');
INSERT INTO `post_likes` (`id`, `post_id`, `created_at`, `updated_at`) VALUES (22, 338440, '2020-04-21 05:50:12', '2020-09-16 09:12:02');
INSERT INTO `post_likes` (`id`, `post_id`, `created_at`, `updated_at`) VALUES (22, 405097947, '2020-09-16 18:28:34', '2020-09-21 21:06:55');
INSERT INTO `post_likes` (`id`, `post_id`, `created_at`, `updated_at`) VALUES (23, 0, '2020-05-06 19:46:09', '2020-10-03 18:25:21');
INSERT INTO `post_likes` (`id`, `post_id`, `created_at`, `updated_at`) VALUES (23, 29868729, '2020-05-06 16:24:29', '2020-09-18 16:44:17');
INSERT INTO `post_likes` (`id`, `post_id`, `created_at`, `updated_at`) VALUES (24, 32, '2020-03-29 16:02:05', '2020-10-06 15:19:41');
INSERT INTO `post_likes` (`id`, `post_id`, `created_at`, `updated_at`) VALUES (24, 794271, '2020-09-18 17:16:12', '2020-10-08 04:04:30');
INSERT INTO `post_likes` (`id`, `post_id`, `created_at`, `updated_at`) VALUES (25, 100644, '2020-10-05 09:03:34', '2020-09-30 01:46:52');
INSERT INTO `post_likes` (`id`, `post_id`, `created_at`, `updated_at`) VALUES (25, 8921105, '2020-05-20 10:22:41', '2020-10-14 07:00:43');
INSERT INTO `post_likes` (`id`, `post_id`, `created_at`, `updated_at`) VALUES (26, 770306, '2020-06-07 20:22:12', '2020-10-11 04:18:09');
INSERT INTO `post_likes` (`id`, `post_id`, `created_at`, `updated_at`) VALUES (26, 301570453, '2020-08-03 11:50:59', '2020-10-05 02:15:11');
INSERT INTO `post_likes` (`id`, `post_id`, `created_at`, `updated_at`) VALUES (27, 0, '2020-02-06 23:09:10', '2020-10-11 15:54:21');
INSERT INTO `post_likes` (`id`, `post_id`, `created_at`, `updated_at`) VALUES (27, 63, '2020-03-16 08:11:45', '2020-10-13 11:24:53');
INSERT INTO `post_likes` (`id`, `post_id`, `created_at`, `updated_at`) VALUES (28, 74, '2020-01-31 04:54:38', '2020-09-24 16:52:27');
INSERT INTO `post_likes` (`id`, `post_id`, `created_at`, `updated_at`) VALUES (28, 8815, '2019-11-15 06:28:46', '2020-10-10 01:55:19');
INSERT INTO `post_likes` (`id`, `post_id`, `created_at`, `updated_at`) VALUES (29, 8559634, '2020-08-05 08:11:59', '2020-10-09 01:08:42');
INSERT INTO `post_likes` (`id`, `post_id`, `created_at`, `updated_at`) VALUES (29, 90553843, '2020-06-11 07:19:54', '2020-09-30 04:48:20');
INSERT INTO `post_likes` (`id`, `post_id`, `created_at`, `updated_at`) VALUES (30, 1909, '2020-09-21 18:38:37', '2020-10-13 21:46:46');
INSERT INTO `post_likes` (`id`, `post_id`, `created_at`, `updated_at`) VALUES (30, 1875176, '2019-12-28 21:10:37', '2020-09-16 08:11:20');
INSERT INTO `post_likes` (`id`, `post_id`, `created_at`, `updated_at`) VALUES (31, 5019, '2020-07-13 17:19:52', '2020-10-12 16:11:16');
INSERT INTO `post_likes` (`id`, `post_id`, `created_at`, `updated_at`) VALUES (31, 12788, '2020-06-10 00:37:23', '2020-10-10 22:00:27');
INSERT INTO `post_likes` (`id`, `post_id`, `created_at`, `updated_at`) VALUES (32, 7, '2020-09-28 21:10:31', '2020-10-07 02:03:06');
INSERT INTO `post_likes` (`id`, `post_id`, `created_at`, `updated_at`) VALUES (32, 343504, '2020-06-16 12:41:18', '2020-09-15 08:10:26');
INSERT INTO `post_likes` (`id`, `post_id`, `created_at`, `updated_at`) VALUES (33, 9, '2020-06-30 10:27:38', '2020-10-01 22:02:52');
INSERT INTO `post_likes` (`id`, `post_id`, `created_at`, `updated_at`) VALUES (33, 633429274, '2020-07-06 05:22:26', '2020-09-26 16:22:01');
INSERT INTO `post_likes` (`id`, `post_id`, `created_at`, `updated_at`) VALUES (34, 8, '2020-10-01 10:36:22', '2020-09-29 03:08:01');
INSERT INTO `post_likes` (`id`, `post_id`, `created_at`, `updated_at`) VALUES (34, 9822950, '2020-03-20 02:18:05', '2020-10-02 22:51:58');
INSERT INTO `post_likes` (`id`, `post_id`, `created_at`, `updated_at`) VALUES (35, 8, '2020-09-30 07:26:46', '2020-09-15 02:10:26');
INSERT INTO `post_likes` (`id`, `post_id`, `created_at`, `updated_at`) VALUES (35, 1427136, '2019-12-21 12:50:52', '2020-10-13 07:21:50');
INSERT INTO `post_likes` (`id`, `post_id`, `created_at`, `updated_at`) VALUES (36, 1129208, '2020-08-21 23:01:13', '2020-09-29 14:44:17');
INSERT INTO `post_likes` (`id`, `post_id`, `created_at`, `updated_at`) VALUES (36, 4920100, '2020-01-29 00:36:23', '2020-09-29 22:05:59');
INSERT INTO `post_likes` (`id`, `post_id`, `created_at`, `updated_at`) VALUES (37, 0, '2020-06-16 23:35:56', '2020-10-12 09:48:03');
INSERT INTO `post_likes` (`id`, `post_id`, `created_at`, `updated_at`) VALUES (37, 7306, '2020-07-21 14:53:51', '2020-10-05 08:33:01');
INSERT INTO `post_likes` (`id`, `post_id`, `created_at`, `updated_at`) VALUES (38, 9, '2020-09-09 09:25:33', '2020-10-12 12:58:27');
INSERT INTO `post_likes` (`id`, `post_id`, `created_at`, `updated_at`) VALUES (38, 594, '2020-01-26 14:33:53', '2020-09-25 22:20:09');
INSERT INTO `post_likes` (`id`, `post_id`, `created_at`, `updated_at`) VALUES (39, 440, '2020-01-13 17:50:38', '2020-09-24 09:02:24');
INSERT INTO `post_likes` (`id`, `post_id`, `created_at`, `updated_at`) VALUES (39, 867165, '2020-04-18 02:26:02', '2020-09-28 14:51:33');
INSERT INTO `post_likes` (`id`, `post_id`, `created_at`, `updated_at`) VALUES (40, 3, '2020-04-08 01:00:00', '2020-09-21 20:48:33');
INSERT INTO `post_likes` (`id`, `post_id`, `created_at`, `updated_at`) VALUES (40, 4, '2020-06-29 12:56:55', '2020-09-27 03:58:58');
INSERT INTO `post_likes` (`id`, `post_id`, `created_at`, `updated_at`) VALUES (41, 67, '2020-02-24 00:30:44', '2020-10-03 15:44:48');
INSERT INTO `post_likes` (`id`, `post_id`, `created_at`, `updated_at`) VALUES (41, 4076185, '2020-04-20 17:32:08', '2020-10-03 22:33:29');
INSERT INTO `post_likes` (`id`, `post_id`, `created_at`, `updated_at`) VALUES (42, 450, '2020-08-04 23:07:56', '2020-10-12 15:59:15');
INSERT INTO `post_likes` (`id`, `post_id`, `created_at`, `updated_at`) VALUES (42, 166424968, '2020-07-31 08:21:11', '2020-10-01 14:28:01');
INSERT INTO `post_likes` (`id`, `post_id`, `created_at`, `updated_at`) VALUES (43, 0, '2020-02-13 19:32:01', '2020-09-25 22:59:23');
INSERT INTO `post_likes` (`id`, `post_id`, `created_at`, `updated_at`) VALUES (43, 3133, '2020-08-07 07:16:28', '2020-10-10 09:40:28');
INSERT INTO `post_likes` (`id`, `post_id`, `created_at`, `updated_at`) VALUES (44, 9, '2020-07-26 00:49:44', '2020-10-08 20:50:27');
INSERT INTO `post_likes` (`id`, `post_id`, `created_at`, `updated_at`) VALUES (44, 5722, '2020-05-06 11:55:46', '2020-09-24 02:38:35');
INSERT INTO `post_likes` (`id`, `post_id`, `created_at`, `updated_at`) VALUES (45, 2, '2020-04-20 17:10:30', '2020-10-05 01:11:13');
INSERT INTO `post_likes` (`id`, `post_id`, `created_at`, `updated_at`) VALUES (45, 75095654, '2020-01-04 08:07:31', '2020-10-09 00:15:07');
INSERT INTO `post_likes` (`id`, `post_id`, `created_at`, `updated_at`) VALUES (46, 363, '2020-09-28 03:13:17', '2020-09-29 17:18:48');
INSERT INTO `post_likes` (`id`, `post_id`, `created_at`, `updated_at`) VALUES (46, 126214357, '2020-06-22 07:05:34', '2020-10-12 17:00:25');
INSERT INTO `post_likes` (`id`, `post_id`, `created_at`, `updated_at`) VALUES (47, 0, '2020-09-16 19:21:23', '2020-10-13 10:13:11');
INSERT INTO `post_likes` (`id`, `post_id`, `created_at`, `updated_at`) VALUES (47, 794261, '2020-09-12 11:21:54', '2020-09-30 12:46:13');
INSERT INTO `post_likes` (`id`, `post_id`, `created_at`, `updated_at`) VALUES (48, 2440143, '2020-06-18 11:54:30', '2020-09-19 08:11:14');
INSERT INTO `post_likes` (`id`, `post_id`, `created_at`, `updated_at`) VALUES (48, 291058282, '2020-02-15 20:51:54', '2020-09-28 06:43:22');
INSERT INTO `post_likes` (`id`, `post_id`, `created_at`, `updated_at`) VALUES (49, 31, '2020-03-06 19:19:42', '2020-10-06 18:37:09');
INSERT INTO `post_likes` (`id`, `post_id`, `created_at`, `updated_at`) VALUES (49, 680, '2020-06-15 13:44:50', '2020-10-02 21:16:11');
INSERT INTO `post_likes` (`id`, `post_id`, `created_at`, `updated_at`) VALUES (50, 6275, '2020-07-18 20:39:03', '2020-09-14 18:47:26');
INSERT INTO `post_likes` (`id`, `post_id`, `created_at`, `updated_at`) VALUES (50, 7703908, '2020-09-12 13:58:49', '2020-09-29 17:58:35');
INSERT INTO `post_likes` (`id`, `post_id`, `created_at`, `updated_at`) VALUES (51, 691846, '2020-05-21 10:35:21', '2020-10-08 00:03:47');
INSERT INTO `post_likes` (`id`, `post_id`, `created_at`, `updated_at`) VALUES (51, 923700282, '2020-07-26 23:05:08', '2020-10-01 17:30:34');
INSERT INTO `post_likes` (`id`, `post_id`, `created_at`, `updated_at`) VALUES (52, 8393, '2020-04-11 07:05:55', '2020-09-25 14:42:15');
INSERT INTO `post_likes` (`id`, `post_id`, `created_at`, `updated_at`) VALUES (52, 5690759, '2020-06-25 14:04:39', '2020-09-15 04:06:34');
INSERT INTO `post_likes` (`id`, `post_id`, `created_at`, `updated_at`) VALUES (53, 946845, '2020-09-26 00:38:54', '2020-10-06 04:52:14');
INSERT INTO `post_likes` (`id`, `post_id`, `created_at`, `updated_at`) VALUES (53, 67921344, '2020-01-31 00:06:32', '2020-09-23 15:03:50');
INSERT INTO `post_likes` (`id`, `post_id`, `created_at`, `updated_at`) VALUES (54, 7, '2020-07-06 05:38:13', '2020-09-15 21:51:14');
INSERT INTO `post_likes` (`id`, `post_id`, `created_at`, `updated_at`) VALUES (54, 630197127, '2020-04-14 05:32:49', '2020-10-12 16:45:43');
INSERT INTO `post_likes` (`id`, `post_id`, `created_at`, `updated_at`) VALUES (55, 82800, '2020-02-27 01:43:31', '2020-09-27 17:57:25');
INSERT INTO `post_likes` (`id`, `post_id`, `created_at`, `updated_at`) VALUES (55, 35563327, '2020-06-28 05:11:39', '2020-10-02 10:46:00');
INSERT INTO `post_likes` (`id`, `post_id`, `created_at`, `updated_at`) VALUES (56, 4, '2020-01-16 07:14:40', '2020-09-23 05:16:20');
INSERT INTO `post_likes` (`id`, `post_id`, `created_at`, `updated_at`) VALUES (56, 9322, '2019-11-24 16:27:09', '2020-09-25 16:30:35');
INSERT INTO `post_likes` (`id`, `post_id`, `created_at`, `updated_at`) VALUES (57, 455, '2020-09-23 17:37:57', '2020-10-04 01:03:00');
INSERT INTO `post_likes` (`id`, `post_id`, `created_at`, `updated_at`) VALUES (57, 3442935, '2020-09-16 13:02:49', '2020-10-07 11:39:13');
INSERT INTO `post_likes` (`id`, `post_id`, `created_at`, `updated_at`) VALUES (58, 71, '2020-09-03 07:21:48', '2020-10-14 00:24:16');
INSERT INTO `post_likes` (`id`, `post_id`, `created_at`, `updated_at`) VALUES (58, 459411, '2019-12-02 22:28:57', '2020-10-11 14:28:18');
INSERT INTO `post_likes` (`id`, `post_id`, `created_at`, `updated_at`) VALUES (59, 0, '2020-07-03 02:11:53', '2020-09-24 18:15:58');
INSERT INTO `post_likes` (`id`, `post_id`, `created_at`, `updated_at`) VALUES (59, 66160, '2019-11-08 15:52:51', '2020-10-03 17:10:34');
INSERT INTO `post_likes` (`id`, `post_id`, `created_at`, `updated_at`) VALUES (60, 36, '2019-11-28 00:50:36', '2020-10-01 04:00:43');
INSERT INTO `post_likes` (`id`, `post_id`, `created_at`, `updated_at`) VALUES (60, 926, '2020-03-04 08:29:50', '2020-09-22 16:49:59');
INSERT INTO `post_likes` (`id`, `post_id`, `created_at`, `updated_at`) VALUES (61, 0, '2020-01-28 22:18:35', '2020-10-02 22:13:22');
INSERT INTO `post_likes` (`id`, `post_id`, `created_at`, `updated_at`) VALUES (61, 53034, '2020-01-02 14:27:34', '2020-09-14 20:38:54');
INSERT INTO `post_likes` (`id`, `post_id`, `created_at`, `updated_at`) VALUES (62, 0, '2020-04-02 18:36:28', '2020-09-21 01:24:03');
INSERT INTO `post_likes` (`id`, `post_id`, `created_at`, `updated_at`) VALUES (62, 60925726, '2020-01-21 00:12:38', '2020-09-15 16:16:36');
INSERT INTO `post_likes` (`id`, `post_id`, `created_at`, `updated_at`) VALUES (63, 0, '2020-08-27 23:43:01', '2020-10-07 00:11:38');
INSERT INTO `post_likes` (`id`, `post_id`, `created_at`, `updated_at`) VALUES (63, 1172500, '2020-01-18 12:28:28', '2020-09-26 13:19:30');
INSERT INTO `post_likes` (`id`, `post_id`, `created_at`, `updated_at`) VALUES (64, 9, '2019-10-20 20:37:59', '2020-10-04 17:30:41');
INSERT INTO `post_likes` (`id`, `post_id`, `created_at`, `updated_at`) VALUES (64, 899177, '2020-07-21 07:25:13', '2020-10-09 09:03:33');
INSERT INTO `post_likes` (`id`, `post_id`, `created_at`, `updated_at`) VALUES (65, 0, '2020-04-07 15:44:17', '2020-09-18 12:24:25');
INSERT INTO `post_likes` (`id`, `post_id`, `created_at`, `updated_at`) VALUES (65, 30, '2020-09-15 12:03:04', '2020-10-04 19:30:58');
INSERT INTO `post_likes` (`id`, `post_id`, `created_at`, `updated_at`) VALUES (66, 9090, '2020-01-11 01:38:33', '2020-10-03 10:00:53');
INSERT INTO `post_likes` (`id`, `post_id`, `created_at`, `updated_at`) VALUES (66, 427798, '2020-08-22 20:13:12', '2020-09-29 19:11:44');
INSERT INTO `post_likes` (`id`, `post_id`, `created_at`, `updated_at`) VALUES (67, 8, '2019-10-28 21:43:55', '2020-10-09 20:48:57');
INSERT INTO `post_likes` (`id`, `post_id`, `created_at`, `updated_at`) VALUES (67, 9, '2020-08-29 21:27:40', '2020-09-20 19:22:18');
INSERT INTO `post_likes` (`id`, `post_id`, `created_at`, `updated_at`) VALUES (68, 1, '2020-01-11 23:30:31', '2020-10-12 17:31:31');
INSERT INTO `post_likes` (`id`, `post_id`, `created_at`, `updated_at`) VALUES (68, 4702, '2020-07-13 18:58:10', '2020-10-09 21:21:45');
INSERT INTO `post_likes` (`id`, `post_id`, `created_at`, `updated_at`) VALUES (69, 0, '2020-10-12 03:22:20', '2020-10-10 21:46:28');
INSERT INTO `post_likes` (`id`, `post_id`, `created_at`, `updated_at`) VALUES (69, 20, '2020-10-09 22:50:39', '2020-10-03 04:47:13');
INSERT INTO `post_likes` (`id`, `post_id`, `created_at`, `updated_at`) VALUES (70, 9, '2020-09-07 04:39:55', '2020-09-15 00:50:07');
INSERT INTO `post_likes` (`id`, `post_id`, `created_at`, `updated_at`) VALUES (70, 2237940, '2020-03-19 00:06:22', '2020-09-27 07:06:59');
INSERT INTO `post_likes` (`id`, `post_id`, `created_at`, `updated_at`) VALUES (71, 176, '2020-08-11 16:04:17', '2020-09-15 22:33:27');
INSERT INTO `post_likes` (`id`, `post_id`, `created_at`, `updated_at`) VALUES (71, 4562, '2019-11-10 13:35:27', '2020-09-24 22:47:53');
INSERT INTO `post_likes` (`id`, `post_id`, `created_at`, `updated_at`) VALUES (72, 95160, '2020-08-29 23:03:31', '2020-09-23 08:59:07');
INSERT INTO `post_likes` (`id`, `post_id`, `created_at`, `updated_at`) VALUES (72, 5816219, '2020-01-23 20:22:33', '2020-10-13 12:37:57');
INSERT INTO `post_likes` (`id`, `post_id`, `created_at`, `updated_at`) VALUES (73, 38, '2020-05-25 04:38:27', '2020-10-02 01:54:28');
INSERT INTO `post_likes` (`id`, `post_id`, `created_at`, `updated_at`) VALUES (73, 52871, '2020-04-03 11:49:06', '2020-09-29 11:20:03');
INSERT INTO `post_likes` (`id`, `post_id`, `created_at`, `updated_at`) VALUES (74, 96796, '2020-06-10 05:54:22', '2020-10-14 05:53:54');
INSERT INTO `post_likes` (`id`, `post_id`, `created_at`, `updated_at`) VALUES (74, 4935378, '2020-03-12 21:11:29', '2020-10-01 10:32:24');
INSERT INTO `post_likes` (`id`, `post_id`, `created_at`, `updated_at`) VALUES (75, 2, '2020-02-16 11:38:01', '2020-10-12 22:52:18');
INSERT INTO `post_likes` (`id`, `post_id`, `created_at`, `updated_at`) VALUES (75, 63188, '2020-02-07 11:07:43', '2020-10-12 20:31:21');
INSERT INTO `post_likes` (`id`, `post_id`, `created_at`, `updated_at`) VALUES (76, 9863, '2020-09-13 07:04:48', '2020-10-06 22:58:37');
INSERT INTO `post_likes` (`id`, `post_id`, `created_at`, `updated_at`) VALUES (76, 783747, '2020-08-09 14:08:25', '2020-10-04 07:21:52');
INSERT INTO `post_likes` (`id`, `post_id`, `created_at`, `updated_at`) VALUES (77, 0, '2019-11-01 10:35:15', '2020-10-12 16:28:06');
INSERT INTO `post_likes` (`id`, `post_id`, `created_at`, `updated_at`) VALUES (77, 6, '2020-06-09 13:36:25', '2020-09-19 03:04:32');
INSERT INTO `post_likes` (`id`, `post_id`, `created_at`, `updated_at`) VALUES (78, 3, '2020-09-19 05:38:19', '2020-09-21 18:37:24');
INSERT INTO `post_likes` (`id`, `post_id`, `created_at`, `updated_at`) VALUES (78, 55483, '2020-06-03 21:24:10', '2020-09-26 00:01:09');
INSERT INTO `post_likes` (`id`, `post_id`, `created_at`, `updated_at`) VALUES (79, 90, '2020-08-10 12:47:14', '2020-10-04 04:04:40');
INSERT INTO `post_likes` (`id`, `post_id`, `created_at`, `updated_at`) VALUES (79, 5422600, '2020-01-21 05:09:22', '2020-10-06 21:54:50');
INSERT INTO `post_likes` (`id`, `post_id`, `created_at`, `updated_at`) VALUES (80, 83609, '2020-04-30 20:34:26', '2020-09-14 14:17:02');
INSERT INTO `post_likes` (`id`, `post_id`, `created_at`, `updated_at`) VALUES (80, 778254050, '2020-01-31 23:47:51', '2020-10-05 18:17:00');
INSERT INTO `post_likes` (`id`, `post_id`, `created_at`, `updated_at`) VALUES (81, 37128193, '2020-04-04 15:58:50', '2020-10-03 22:17:13');
INSERT INTO `post_likes` (`id`, `post_id`, `created_at`, `updated_at`) VALUES (81, 257570971, '2019-12-05 19:48:40', '2020-10-10 18:12:49');
INSERT INTO `post_likes` (`id`, `post_id`, `created_at`, `updated_at`) VALUES (82, 95575752, '2019-10-26 10:55:34', '2020-09-20 11:53:24');
INSERT INTO `post_likes` (`id`, `post_id`, `created_at`, `updated_at`) VALUES (82, 561563456, '2020-09-21 19:30:58', '2020-10-03 02:25:43');
INSERT INTO `post_likes` (`id`, `post_id`, `created_at`, `updated_at`) VALUES (83, 5, '2020-04-24 03:55:55', '2020-09-17 01:15:50');
INSERT INTO `post_likes` (`id`, `post_id`, `created_at`, `updated_at`) VALUES (83, 3594, '2019-10-22 21:10:48', '2020-10-10 15:27:32');
INSERT INTO `post_likes` (`id`, `post_id`, `created_at`, `updated_at`) VALUES (84, 36814594, '2020-04-10 18:15:53', '2020-09-17 00:20:16');
INSERT INTO `post_likes` (`id`, `post_id`, `created_at`, `updated_at`) VALUES (84, 58657155, '2019-11-10 10:00:23', '2020-10-10 04:14:57');
INSERT INTO `post_likes` (`id`, `post_id`, `created_at`, `updated_at`) VALUES (85, 7, '2019-10-23 06:36:38', '2020-09-21 21:25:37');
INSERT INTO `post_likes` (`id`, `post_id`, `created_at`, `updated_at`) VALUES (85, 814672471, '2020-10-03 00:40:54', '2020-10-01 21:38:19');
INSERT INTO `post_likes` (`id`, `post_id`, `created_at`, `updated_at`) VALUES (86, 9079683, '2020-03-22 20:27:13', '2020-09-28 09:56:34');
INSERT INTO `post_likes` (`id`, `post_id`, `created_at`, `updated_at`) VALUES (86, 40649621, '2019-12-30 10:10:09', '2020-10-09 04:42:16');
INSERT INTO `post_likes` (`id`, `post_id`, `created_at`, `updated_at`) VALUES (87, 19151, '2020-06-16 19:08:30', '2020-10-13 05:26:04');
INSERT INTO `post_likes` (`id`, `post_id`, `created_at`, `updated_at`) VALUES (87, 23670139, '2020-03-08 17:59:12', '2020-09-27 00:58:24');
INSERT INTO `post_likes` (`id`, `post_id`, `created_at`, `updated_at`) VALUES (88, 82, '2019-10-18 19:42:56', '2020-09-24 03:37:14');
INSERT INTO `post_likes` (`id`, `post_id`, `created_at`, `updated_at`) VALUES (88, 39071554, '2020-06-08 22:12:39', '2020-09-15 13:37:10');
INSERT INTO `post_likes` (`id`, `post_id`, `created_at`, `updated_at`) VALUES (89, 1961, '2020-06-24 19:25:26', '2020-09-15 02:13:34');
INSERT INTO `post_likes` (`id`, `post_id`, `created_at`, `updated_at`) VALUES (89, 9667518, '2019-11-07 20:43:21', '2020-10-09 10:36:02');
INSERT INTO `post_likes` (`id`, `post_id`, `created_at`, `updated_at`) VALUES (90, 0, '2020-01-05 20:47:29', '2020-10-06 12:37:50');
INSERT INTO `post_likes` (`id`, `post_id`, `created_at`, `updated_at`) VALUES (90, 210171, '2020-03-31 14:21:32', '2020-09-17 03:01:59');
INSERT INTO `post_likes` (`id`, `post_id`, `created_at`, `updated_at`) VALUES (91, 3, '2020-10-11 02:01:16', '2020-10-13 18:07:58');
INSERT INTO `post_likes` (`id`, `post_id`, `created_at`, `updated_at`) VALUES (91, 43379033, '2020-09-02 10:56:39', '2020-10-02 19:32:35');
INSERT INTO `post_likes` (`id`, `post_id`, `created_at`, `updated_at`) VALUES (92, 0, '2019-11-21 03:09:33', '2020-10-11 09:11:27');
INSERT INTO `post_likes` (`id`, `post_id`, `created_at`, `updated_at`) VALUES (92, 6, '2020-05-20 07:40:09', '2020-09-16 00:40:46');
INSERT INTO `post_likes` (`id`, `post_id`, `created_at`, `updated_at`) VALUES (93, 4, '2020-07-28 05:42:03', '2020-09-23 05:05:21');
INSERT INTO `post_likes` (`id`, `post_id`, `created_at`, `updated_at`) VALUES (93, 76856524, '2020-09-24 01:17:41', '2020-09-26 20:31:39');
INSERT INTO `post_likes` (`id`, `post_id`, `created_at`, `updated_at`) VALUES (94, 6, '2020-07-31 10:06:30', '2020-09-26 13:34:20');
INSERT INTO `post_likes` (`id`, `post_id`, `created_at`, `updated_at`) VALUES (94, 38, '2019-12-01 04:33:32', '2020-10-09 18:38:42');
INSERT INTO `post_likes` (`id`, `post_id`, `created_at`, `updated_at`) VALUES (95, 791, '2020-08-22 02:05:37', '2020-10-10 17:02:44');
INSERT INTO `post_likes` (`id`, `post_id`, `created_at`, `updated_at`) VALUES (95, 293815, '2020-03-02 20:46:21', '2020-09-18 04:43:05');
INSERT INTO `post_likes` (`id`, `post_id`, `created_at`, `updated_at`) VALUES (96, 0, '2020-02-07 14:15:56', '2020-10-14 06:12:15');
INSERT INTO `post_likes` (`id`, `post_id`, `created_at`, `updated_at`) VALUES (96, 3, '2020-05-21 16:21:52', '2020-10-04 15:27:49');
INSERT INTO `post_likes` (`id`, `post_id`, `created_at`, `updated_at`) VALUES (97, 11, '2019-12-06 07:42:41', '2020-10-10 21:55:58');
INSERT INTO `post_likes` (`id`, `post_id`, `created_at`, `updated_at`) VALUES (97, 551, '2020-01-28 18:22:39', '2020-10-10 17:02:50');
INSERT INTO `post_likes` (`id`, `post_id`, `created_at`, `updated_at`) VALUES (98, 47, '2020-05-14 01:12:45', '2020-09-21 05:27:17');
INSERT INTO `post_likes` (`id`, `post_id`, `created_at`, `updated_at`) VALUES (98, 1456665, '2020-03-04 12:20:55', '2020-10-09 06:00:38');
INSERT INTO `post_likes` (`id`, `post_id`, `created_at`, `updated_at`) VALUES (99, 658, '2020-03-17 07:41:00', '2020-10-02 00:12:14');
INSERT INTO `post_likes` (`id`, `post_id`, `created_at`, `updated_at`) VALUES (99, 54359, '2019-10-23 17:08:54', '2020-10-03 20:21:19');
INSERT INTO `post_likes` (`id`, `post_id`, `created_at`, `updated_at`) VALUES (100, 1, '2020-08-07 21:17:02', '2020-10-12 05:58:08');
INSERT INTO `post_likes` (`id`, `post_id`, `created_at`, `updated_at`) VALUES (100, 79683, '2020-01-13 20:49:40', '2020-09-16 06:04:42');


#
# TABLE STRUCTURE FOR: old_profiles
#

DROP TABLE IF EXISTS `old_profiles`;

CREATE TABLE `old_profiles` (
  `user_id` int(10) unsigned NOT NULL COMMENT 'User link',
  `gender` char(1) COLLATE utf8_unicode_ci NOT NULL COMMENT 'Sex',
  `birthday` date DEFAULT NULL COMMENT 'Bithday',
  `photo_id` int(10) unsigned DEFAULT NULL COMMENT 'Photo link',
  `status` varchar(30) COLLATE utf8_unicode_ci DEFAULT NULL COMMENT 'Current status',
  `city` varchar(130) COLLATE utf8_unicode_ci DEFAULT NULL COMMENT 'City',
  `country` varchar(130) COLLATE utf8_unicode_ci DEFAULT NULL COMMENT 'Country',
  `created_at` datetime DEFAULT current_timestamp() COMMENT 'Creation time',
  `updated_at` datetime DEFAULT current_timestamp() ON UPDATE current_timestamp() COMMENT 'Update time',
  PRIMARY KEY (`user_id`)
) ENGINE=InnoDB DEFAULT CHARSET=utf8 COLLATE=utf8_unicode_ci COMMENT='old_profiles';

INSERT INTO `old_profiles` (`user_id`, `gender`, `birthday`, `photo_id`, `status`, `city`, `country`, `created_at`, `updated_at`) VALUES (1, '1', '1988-12-31', 2957, 'Dolor sit quia est est. Eaque ', 'East Christian', 'Namibia', '2016-03-17 14:27:18', '2019-11-13 01:02:11');
INSERT INTO `old_profiles` (`user_id`, `gender`, `birthday`, `photo_id`, `status`, `city`, `country`, `created_at`, `updated_at`) VALUES (2, '', '1982-06-21', 1072741, 'Blanditiis culpa necessitatibu', 'Leeland', 'Ethiopia', '2012-06-03 14:18:46', '2020-05-05 09:04:23');
INSERT INTO `old_profiles` (`user_id`, `gender`, `birthday`, `photo_id`, `status`, `city`, `country`, `created_at`, `updated_at`) VALUES (3, '1', '1956-03-01', 64419723, 'Eveniet nam et iste autem sit.', 'Townehaven', 'American Samoa', '2014-11-20 00:30:27', '2020-07-30 17:56:04');
INSERT INTO `old_profiles` (`user_id`, `gender`, `birthday`, `photo_id`, `status`, `city`, `country`, `created_at`, `updated_at`) VALUES (4, '', '1999-06-18', 481994, 'Illum molestiae expedita minus', 'Eltontown', 'San Marino', '2011-12-31 07:39:33', '2020-08-14 23:55:51');
INSERT INTO `old_profiles` (`user_id`, `gender`, `birthday`, `photo_id`, `status`, `city`, `country`, `created_at`, `updated_at`) VALUES (5, '1', '1920-10-25', 53257, 'Rem veritatis aperiam voluptat', 'Schinnerfort', 'Turkey', '2013-03-02 12:38:30', '2020-09-29 17:39:38');
INSERT INTO `old_profiles` (`user_id`, `gender`, `birthday`, `photo_id`, `status`, `city`, `country`, `created_at`, `updated_at`) VALUES (6, '', '1930-12-30', 778768421, 'Qui atque accusantium non sed ', 'North Cartertown', 'Turkmenistan', '2013-12-09 00:55:54', '2020-02-24 03:08:51');
INSERT INTO `old_profiles` (`user_id`, `gender`, `birthday`, `photo_id`, `status`, `city`, `country`, `created_at`, `updated_at`) VALUES (7, '', '1929-06-20', 329837224, 'Reprehenderit qui in quo sed q', 'Jesusside', 'Bhutan', '2010-12-08 23:32:58', '2020-07-07 16:56:02');
INSERT INTO `old_profiles` (`user_id`, `gender`, `birthday`, `photo_id`, `status`, `city`, `country`, `created_at`, `updated_at`) VALUES (8, '1', '1957-05-07', 0, 'Et dolorum suscipit amet harum', 'Melanymouth', 'El Salvador', '2013-08-16 21:37:53', '2020-05-18 07:33:12');
INSERT INTO `old_profiles` (`user_id`, `gender`, `birthday`, `photo_id`, `status`, `city`, `country`, `created_at`, `updated_at`) VALUES (9, '', '1994-09-26', 7, 'Illum ut natus doloribus qui q', 'Port Kody', 'Zimbabwe', '2020-03-30 13:19:34', '2020-07-15 09:32:30');
INSERT INTO `old_profiles` (`user_id`, `gender`, `birthday`, `photo_id`, `status`, `city`, `country`, `created_at`, `updated_at`) VALUES (10, '', '1940-07-03', 2786418, 'Et sed corporis et quia. Quide', 'South Frankieburgh', 'Niger', '2012-07-26 12:51:20', '2020-09-07 00:46:37');
INSERT INTO `old_profiles` (`user_id`, `gender`, `birthday`, `photo_id`, `status`, `city`, `country`, `created_at`, `updated_at`) VALUES (11, '1', '1967-01-01', 122667264, 'Voluptates quibusdam in harum ', 'Guadalupestad', 'Samoa', '2020-03-01 02:15:05', '2020-04-14 08:41:50');
INSERT INTO `old_profiles` (`user_id`, `gender`, `birthday`, `photo_id`, `status`, `city`, `country`, `created_at`, `updated_at`) VALUES (12, '1', '1937-03-10', 56713322, 'Provident porro harum aut dolo', 'West Dejuan', 'Belgium', '2014-11-12 03:12:47', '2020-08-09 08:50:25');
INSERT INTO `old_profiles` (`user_id`, `gender`, `birthday`, `photo_id`, `status`, `city`, `country`, `created_at`, `updated_at`) VALUES (13, '', '1953-03-29', 8921824, 'Sunt dolores ullam quas ut qui', 'Colbyborough', 'Bhutan', '2014-03-21 21:49:29', '2020-02-17 11:42:23');
INSERT INTO `old_profiles` (`user_id`, `gender`, `birthday`, `photo_id`, `status`, `city`, `country`, `created_at`, `updated_at`) VALUES (14, '', '1983-05-11', 0, 'Perspiciatis voluptates aut et', 'Casperstad', 'Kenya', '2012-01-03 21:41:59', '2020-02-09 16:14:13');
INSERT INTO `old_profiles` (`user_id`, `gender`, `birthday`, `photo_id`, `status`, `city`, `country`, `created_at`, `updated_at`) VALUES (15, '1', '1955-05-25', 0, 'A nesciunt recusandae eius et ', 'Lake Barbara', 'Greece', '2012-08-07 22:56:59', '2020-01-04 05:24:09');
INSERT INTO `old_profiles` (`user_id`, `gender`, `birthday`, `photo_id`, `status`, `city`, `country`, `created_at`, `updated_at`) VALUES (16, '1', '1951-02-20', 673429, 'Aliquid sit qui tempore eum si', 'Lakinville', 'Comoros', '2015-09-16 00:05:54', '2020-07-19 04:48:22');
INSERT INTO `old_profiles` (`user_id`, `gender`, `birthday`, `photo_id`, `status`, `city`, `country`, `created_at`, `updated_at`) VALUES (17, '', '1939-08-16', 575011426, 'Sit cum nemo in repudiandae es', 'North Yasmin', 'Sao Tome and Principe', '2013-07-07 04:43:13', '2020-04-04 03:19:15');
INSERT INTO `old_profiles` (`user_id`, `gender`, `birthday`, `photo_id`, `status`, `city`, `country`, `created_at`, `updated_at`) VALUES (18, '', '1980-09-05', 47697, 'Voluptatem numquam molestias e', 'New Shaniatown', 'Serbia', '2015-01-28 06:10:03', '2020-08-24 14:30:22');
INSERT INTO `old_profiles` (`user_id`, `gender`, `birthday`, `photo_id`, `status`, `city`, `country`, `created_at`, `updated_at`) VALUES (19, '', '2011-12-02', 6470114, 'Rerum quis repellat error quia', 'East Bernie', 'Colombia', '2017-07-28 00:52:12', '2020-07-03 22:20:30');
INSERT INTO `old_profiles` (`user_id`, `gender`, `birthday`, `photo_id`, `status`, `city`, `country`, `created_at`, `updated_at`) VALUES (20, '', '2010-01-28', 8, 'Molestias qui laboriosam excep', 'East Ansleyfort', 'Singapore', '2018-04-03 22:35:37', '2019-11-11 18:26:35');
INSERT INTO `old_profiles` (`user_id`, `gender`, `birthday`, `photo_id`, `status`, `city`, `country`, `created_at`, `updated_at`) VALUES (21, '', '1984-11-28', 88, 'Aut id aperiam necessitatibus ', 'West Nashfort', 'Luxembourg', '2018-06-20 23:43:37', '2020-03-08 15:40:29');
INSERT INTO `old_profiles` (`user_id`, `gender`, `birthday`, `photo_id`, `status`, `city`, `country`, `created_at`, `updated_at`) VALUES (22, '1', '1923-06-10', 798989, 'Reiciendis et error qui ea ani', 'Rosalindburgh', 'Rwanda', '2015-09-26 05:25:09', '2020-01-25 01:56:54');
INSERT INTO `old_profiles` (`user_id`, `gender`, `birthday`, `photo_id`, `status`, `city`, `country`, `created_at`, `updated_at`) VALUES (23, '1', '1922-03-25', 6778220, 'Consequuntur neque reiciendis ', 'Marvinside', 'Spain', '2014-03-10 14:20:07', '2020-09-28 01:22:10');
INSERT INTO `old_profiles` (`user_id`, `gender`, `birthday`, `photo_id`, `status`, `city`, `country`, `created_at`, `updated_at`) VALUES (24, '1', '1960-12-19', 833003, 'Enim laborum nihil quia alias ', 'Schaeferview', 'Bangladesh', '2018-08-14 04:55:12', '2020-09-15 17:01:42');
INSERT INTO `old_profiles` (`user_id`, `gender`, `birthday`, `photo_id`, `status`, `city`, `country`, `created_at`, `updated_at`) VALUES (25, '', '1991-03-05', 389, 'Voluptatum qui dolores aut sus', 'North Brant', 'Liechtenstein', '2019-03-17 04:25:15', '2020-07-29 13:01:40');
INSERT INTO `old_profiles` (`user_id`, `gender`, `birthday`, `photo_id`, `status`, `city`, `country`, `created_at`, `updated_at`) VALUES (26, '', '1969-05-19', 446, 'Hic est sunt et consectetur ul', 'West Justus', 'Nepal', '2018-02-26 08:09:46', '2020-03-18 04:07:23');
INSERT INTO `old_profiles` (`user_id`, `gender`, `birthday`, `photo_id`, `status`, `city`, `country`, `created_at`, `updated_at`) VALUES (27, '', '1942-10-11', 1561431, 'Omnis velit adipisci non aliqu', 'Lake Alexannestad', 'Slovakia (Slovak Republic)', '2014-04-30 05:19:12', '2020-08-21 14:22:50');
INSERT INTO `old_profiles` (`user_id`, `gender`, `birthday`, `photo_id`, `status`, `city`, `country`, `created_at`, `updated_at`) VALUES (28, '1', '1933-05-29', 288, 'Temporibus sapiente optio aspe', 'Nyaport', 'Finland', '2018-12-28 06:48:23', '2020-05-15 00:18:53');
INSERT INTO `old_profiles` (`user_id`, `gender`, `birthday`, `photo_id`, `status`, `city`, `country`, `created_at`, `updated_at`) VALUES (29, '1', '2017-11-18', 63985830, 'Recusandae nostrum quo labore ', 'North Darlene', 'Puerto Rico', '2016-01-01 22:38:38', '2020-01-18 18:22:28');
INSERT INTO `old_profiles` (`user_id`, `gender`, `birthday`, `photo_id`, `status`, `city`, `country`, `created_at`, `updated_at`) VALUES (30, '1', '2005-09-14', 267612, 'Cumque porro et earum qui maio', 'Lake Sydneemouth', 'Latvia', '2017-06-05 16:12:34', '2020-02-12 13:33:02');
INSERT INTO `old_profiles` (`user_id`, `gender`, `birthday`, `photo_id`, `status`, `city`, `country`, `created_at`, `updated_at`) VALUES (31, '', '1969-07-21', 549691, 'Qui quaerat ab assumenda cum n', 'Port Eula', 'El Salvador', '2010-10-25 19:22:33', '2020-03-28 19:54:03');
INSERT INTO `old_profiles` (`user_id`, `gender`, `birthday`, `photo_id`, `status`, `city`, `country`, `created_at`, `updated_at`) VALUES (32, '1', '1925-05-26', 27211, 'Ut qui ea et inventore esse su', 'West Malvina', 'Tunisia', '2018-03-14 22:16:51', '2019-12-12 07:15:59');
INSERT INTO `old_profiles` (`user_id`, `gender`, `birthday`, `photo_id`, `status`, `city`, `country`, `created_at`, `updated_at`) VALUES (33, '1', '1977-01-27', 58, 'Cum labore perspiciatis rem au', 'East Buddy', 'Eritrea', '2014-03-08 12:45:23', '2020-06-01 21:39:20');
INSERT INTO `old_profiles` (`user_id`, `gender`, `birthday`, `photo_id`, `status`, `city`, `country`, `created_at`, `updated_at`) VALUES (34, '', '1970-03-27', 9, 'Modi esse necessitatibus eos v', 'New Jonatan', 'Sierra Leone', '2019-02-03 09:32:47', '2020-03-30 13:51:44');
INSERT INTO `old_profiles` (`user_id`, `gender`, `birthday`, `photo_id`, `status`, `city`, `country`, `created_at`, `updated_at`) VALUES (35, '1', '1973-03-08', 244462579, 'Et reiciendis commodi dolore m', 'Port Emilia', 'Georgia', '2019-07-29 18:36:25', '2020-04-07 19:42:45');
INSERT INTO `old_profiles` (`user_id`, `gender`, `birthday`, `photo_id`, `status`, `city`, `country`, `created_at`, `updated_at`) VALUES (36, '', '2006-09-22', 8, 'Saepe quidem enim eos totam eo', 'Okunevabury', 'Saint Martin', '2013-01-02 15:56:45', '2020-05-25 11:04:39');
INSERT INTO `old_profiles` (`user_id`, `gender`, `birthday`, `photo_id`, `status`, `city`, `country`, `created_at`, `updated_at`) VALUES (37, '1', '2000-05-10', 4189659, 'Est accusantium maiores rerum ', 'Jameyfurt', 'Isle of Man', '2015-08-09 18:29:00', '2020-09-17 05:30:32');
INSERT INTO `old_profiles` (`user_id`, `gender`, `birthday`, `photo_id`, `status`, `city`, `country`, `created_at`, `updated_at`) VALUES (38, '1', '1924-10-01', 165, 'Repellendus praesentium est au', 'South Chyna', 'Barbados', '2014-05-09 07:43:30', '2020-05-29 15:10:13');
INSERT INTO `old_profiles` (`user_id`, `gender`, `birthday`, `photo_id`, `status`, `city`, `country`, `created_at`, `updated_at`) VALUES (39, '1', '1929-07-29', 0, 'Quis neque soluta facere nostr', 'Port Eulaburgh', 'Montenegro', '2016-09-07 14:28:24', '2020-06-25 15:31:52');
INSERT INTO `old_profiles` (`user_id`, `gender`, `birthday`, `photo_id`, `status`, `city`, `country`, `created_at`, `updated_at`) VALUES (40, '', '1972-07-11', 954267658, 'Rerum nemo veniam id aliquid. ', 'Lavernside', 'Lithuania', '2018-06-04 15:31:43', '2020-05-06 11:37:22');
INSERT INTO `old_profiles` (`user_id`, `gender`, `birthday`, `photo_id`, `status`, `city`, `country`, `created_at`, `updated_at`) VALUES (41, '', '1966-11-27', 68, 'Nemo voluptatem beatae delenit', 'Luzbury', 'United States of America', '2018-08-28 23:15:11', '2020-10-12 21:41:18');
INSERT INTO `old_profiles` (`user_id`, `gender`, `birthday`, `photo_id`, `status`, `city`, `country`, `created_at`, `updated_at`) VALUES (42, '1', '1987-10-20', 7200, 'Quaerat facere nihil ea eius s', 'Lake Dylanborough', 'Egypt', '2019-03-01 04:01:14', '2020-02-08 06:52:50');
INSERT INTO `old_profiles` (`user_id`, `gender`, `birthday`, `photo_id`, `status`, `city`, `country`, `created_at`, `updated_at`) VALUES (43, '', '1953-01-26', 97825331, 'Culpa quis recusandae tenetur ', 'Abshireborough', 'Iran', '2019-01-14 07:32:44', '2019-12-08 06:26:11');
INSERT INTO `old_profiles` (`user_id`, `gender`, `birthday`, `photo_id`, `status`, `city`, `country`, `created_at`, `updated_at`) VALUES (44, '1', '1946-11-28', 0, 'Est quia iure eos vero libero ', 'Harberfurt', 'Qatar', '2017-03-14 08:23:21', '2020-02-21 05:15:50');
INSERT INTO `old_profiles` (`user_id`, `gender`, `birthday`, `photo_id`, `status`, `city`, `country`, `created_at`, `updated_at`) VALUES (45, '1', '1946-02-28', 3476, 'Ut laudantium est tempora aut ', 'South Graysonmouth', 'Bouvet Island (Bouvetoya)', '2020-05-28 05:53:20', '2020-03-13 16:38:44');
INSERT INTO `old_profiles` (`user_id`, `gender`, `birthday`, `photo_id`, `status`, `city`, `country`, `created_at`, `updated_at`) VALUES (46, '', '1999-02-27', 28152, 'Harum ex reiciendis in laborum', 'Sebastianborough', 'Korea', '2020-05-22 17:54:57', '2020-07-03 05:27:34');
INSERT INTO `old_profiles` (`user_id`, `gender`, `birthday`, `photo_id`, `status`, `city`, `country`, `created_at`, `updated_at`) VALUES (47, '', '1971-04-23', 93, 'Placeat ipsa magni ratione qua', 'Port Amberchester', 'Switzerland', '2018-04-21 23:30:36', '2020-07-31 22:27:31');
INSERT INTO `old_profiles` (`user_id`, `gender`, `birthday`, `photo_id`, `status`, `city`, `country`, `created_at`, `updated_at`) VALUES (48, '1', '1978-05-27', 5, 'Sit sed esse sequi vitae incid', 'Helenahaven', 'Moldova', '2020-02-04 03:48:39', '2020-08-09 13:39:38');
INSERT INTO `old_profiles` (`user_id`, `gender`, `birthday`, `photo_id`, `status`, `city`, `country`, `created_at`, `updated_at`) VALUES (49, '1', '1966-01-17', 2881, 'Expedita ea nostrum fugit est ', 'South Eladiobury', 'Saint Helena', '2013-10-02 04:01:48', '2019-12-11 21:01:46');
INSERT INTO `old_profiles` (`user_id`, `gender`, `birthday`, `photo_id`, `status`, `city`, `country`, `created_at`, `updated_at`) VALUES (50, '1', '1937-10-25', 3137, 'Quia repellendus consequatur r', 'Allisonberg', 'Belize', '2016-03-21 02:05:13', '2020-04-09 15:37:50');
INSERT INTO `old_profiles` (`user_id`, `gender`, `birthday`, `photo_id`, `status`, `city`, `country`, `created_at`, `updated_at`) VALUES (51, '1', '1999-02-24', 821892091, 'Unde debitis eaque numquam und', 'East Darylchester', 'Gibraltar', '2019-12-29 21:07:58', '2020-03-05 13:45:13');
INSERT INTO `old_profiles` (`user_id`, `gender`, `birthday`, `photo_id`, `status`, `city`, `country`, `created_at`, `updated_at`) VALUES (52, '1', '1926-02-06', 91, 'Quia laborum sunt et qui. Dolo', 'Evangelineberg', 'Lesotho', '2015-12-26 21:56:42', '2020-04-16 19:22:28');
INSERT INTO `old_profiles` (`user_id`, `gender`, `birthday`, `photo_id`, `status`, `city`, `country`, `created_at`, `updated_at`) VALUES (53, '1', '2011-07-07', 44621356, 'Nobis earum dolore officiis od', 'West Emeliabury', 'Cyprus', '2019-08-27 08:25:51', '2020-06-24 08:19:25');
INSERT INTO `old_profiles` (`user_id`, `gender`, `birthday`, `photo_id`, `status`, `city`, `country`, `created_at`, `updated_at`) VALUES (54, '1', '1982-10-27', 7205044, 'Accusantium iure dolores tempo', 'Watershaven', 'Pakistan', '2015-04-27 05:07:15', '2020-07-12 19:53:49');
INSERT INTO `old_profiles` (`user_id`, `gender`, `birthday`, `photo_id`, `status`, `city`, `country`, `created_at`, `updated_at`) VALUES (55, '1', '1965-08-27', 171371116, 'Iste sunt aut aut nobis corrup', 'Daniellemouth', 'Faroe Islands', '2012-10-12 10:50:03', '2020-10-08 17:45:40');
INSERT INTO `old_profiles` (`user_id`, `gender`, `birthday`, `photo_id`, `status`, `city`, `country`, `created_at`, `updated_at`) VALUES (56, '', '1924-03-29', 85667, 'Corporis et assumenda ab ipsam', 'Leahaven', 'Seychelles', '2011-02-10 18:51:20', '2020-02-28 04:53:27');
INSERT INTO `old_profiles` (`user_id`, `gender`, `birthday`, `photo_id`, `status`, `city`, `country`, `created_at`, `updated_at`) VALUES (57, '1', '1979-02-05', 9, 'Sunt natus autem ad possimus i', 'South Maevetown', 'Cayman Islands', '2014-05-21 12:31:47', '2020-06-03 15:38:11');
INSERT INTO `old_profiles` (`user_id`, `gender`, `birthday`, `photo_id`, `status`, `city`, `country`, `created_at`, `updated_at`) VALUES (58, '1', '1923-06-14', 607514, 'Quia optio est voluptates sed.', 'Waterston', 'Netherlands', '2016-05-22 04:10:40', '2020-04-02 03:35:12');
INSERT INTO `old_profiles` (`user_id`, `gender`, `birthday`, `photo_id`, `status`, `city`, `country`, `created_at`, `updated_at`) VALUES (59, '1', '1933-02-16', 0, 'Autem impedit quia natus volup', 'Geovanyland', 'Faroe Islands', '2017-02-14 01:34:21', '2019-10-18 04:14:19');
INSERT INTO `old_profiles` (`user_id`, `gender`, `birthday`, `photo_id`, `status`, `city`, `country`, `created_at`, `updated_at`) VALUES (60, '', '1978-12-07', 758406, 'Aliquid quidem quo reiciendis ', 'South Nikita', 'Italy', '2014-05-25 09:20:30', '2020-08-20 02:41:58');
INSERT INTO `old_profiles` (`user_id`, `gender`, `birthday`, `photo_id`, `status`, `city`, `country`, `created_at`, `updated_at`) VALUES (61, '1', '1935-09-06', 611, 'Eligendi ex corrupti magni. Et', 'New Ethanmouth', 'Andorra', '2012-06-22 20:24:49', '2020-03-09 07:22:41');
INSERT INTO `old_profiles` (`user_id`, `gender`, `birthday`, `photo_id`, `status`, `city`, `country`, `created_at`, `updated_at`) VALUES (62, '1', '1990-03-11', 39639212, 'Provident est veniam voluptati', 'Randyburgh', 'Saint Kitts and Nevis', '2012-10-19 05:01:06', '2020-08-03 06:44:05');
INSERT INTO `old_profiles` (`user_id`, `gender`, `birthday`, `photo_id`, `status`, `city`, `country`, `created_at`, `updated_at`) VALUES (63, '1', '1925-04-17', 1772969, 'Quidem adipisci occaecati sed ', 'Howeview', 'Turks and Caicos Islands', '2017-12-18 03:26:29', '2019-11-27 01:47:33');
INSERT INTO `old_profiles` (`user_id`, `gender`, `birthday`, `photo_id`, `status`, `city`, `country`, `created_at`, `updated_at`) VALUES (64, '', '1933-02-11', 378979, 'Molestiae magni et molestiae n', 'New Coty', 'Angola', '2016-04-05 00:22:52', '2019-12-14 15:50:23');
INSERT INTO `old_profiles` (`user_id`, `gender`, `birthday`, `photo_id`, `status`, `city`, `country`, `created_at`, `updated_at`) VALUES (65, '', '2009-02-06', 2135960, 'Animi est voluptas dolorum vol', 'Port Brendanbury', 'Mozambique', '2017-10-11 05:26:07', '2020-04-08 20:48:04');
INSERT INTO `old_profiles` (`user_id`, `gender`, `birthday`, `photo_id`, `status`, `city`, `country`, `created_at`, `updated_at`) VALUES (66, '1', '1944-02-10', 3, 'Quas doloribus ut maiores faci', 'Botsfordhaven', 'Tuvalu', '2011-02-15 08:31:34', '2020-08-01 18:38:26');
INSERT INTO `old_profiles` (`user_id`, `gender`, `birthday`, `photo_id`, `status`, `city`, `country`, `created_at`, `updated_at`) VALUES (67, '', '1925-01-26', 7, 'Laborum vitae labore eum quia ', 'North Dakota', 'Serbia', '2012-10-01 16:46:52', '2020-02-27 19:02:31');
INSERT INTO `old_profiles` (`user_id`, `gender`, `birthday`, `photo_id`, `status`, `city`, `country`, `created_at`, `updated_at`) VALUES (68, '1', '1955-10-14', 40848, 'Qui sed dolores id voluptas et', 'West Bonita', 'Montenegro', '2013-11-03 04:21:30', '2020-08-16 20:35:04');
INSERT INTO `old_profiles` (`user_id`, `gender`, `birthday`, `photo_id`, `status`, `city`, `country`, `created_at`, `updated_at`) VALUES (69, '', '1932-07-21', 4749308, 'Quia inventore voluptas eum su', 'Port Mireille', 'Benin', '2011-10-27 18:40:44', '2019-11-25 16:16:02');
INSERT INTO `old_profiles` (`user_id`, `gender`, `birthday`, `photo_id`, `status`, `city`, `country`, `created_at`, `updated_at`) VALUES (70, '', '1989-01-30', 25300, 'Dolores molestiae qui nobis co', 'Abernathyton', 'Aruba', '2014-04-20 03:33:43', '2020-01-10 15:59:57');
INSERT INTO `old_profiles` (`user_id`, `gender`, `birthday`, `photo_id`, `status`, `city`, `country`, `created_at`, `updated_at`) VALUES (71, '', '1936-10-01', 665394483, 'Laborum sit aliquid vel pariat', 'Lake Deltachester', 'Korea', '2013-03-03 11:47:15', '2020-03-15 00:31:31');
INSERT INTO `old_profiles` (`user_id`, `gender`, `birthday`, `photo_id`, `status`, `city`, `country`, `created_at`, `updated_at`) VALUES (72, '', '1992-04-12', 9, 'Repellat rerum voluptas non do', 'Johnsbury', 'Turks and Caicos Islands', '2013-03-31 11:14:48', '2020-02-21 00:26:15');
INSERT INTO `old_profiles` (`user_id`, `gender`, `birthday`, `photo_id`, `status`, `city`, `country`, `created_at`, `updated_at`) VALUES (73, '', '2016-07-12', 892323941, 'Nemo reiciendis dicta laborum ', 'Ashaland', 'Norway', '2012-07-08 19:37:56', '2020-09-21 13:41:26');
INSERT INTO `old_profiles` (`user_id`, `gender`, `birthday`, `photo_id`, `status`, `city`, `country`, `created_at`, `updated_at`) VALUES (74, '1', '1970-12-28', 68034, 'Praesentium recusandae quis co', 'Erdmanport', 'Croatia', '2014-06-20 22:42:18', '2020-04-18 05:42:35');
INSERT INTO `old_profiles` (`user_id`, `gender`, `birthday`, `photo_id`, `status`, `city`, `country`, `created_at`, `updated_at`) VALUES (75, '1', '2016-02-01', 755694111, 'Cum dolorum fugiat saepe fugia', 'Stefanbury', 'Serbia', '2019-05-01 02:49:25', '2020-06-09 12:09:10');
INSERT INTO `old_profiles` (`user_id`, `gender`, `birthday`, `photo_id`, `status`, `city`, `country`, `created_at`, `updated_at`) VALUES (76, '1', '1977-11-20', 15, 'Nihil quas veritatis et dolor.', 'East Xander', 'Palau', '2018-04-19 20:35:57', '2020-09-10 09:51:54');
INSERT INTO `old_profiles` (`user_id`, `gender`, `birthday`, `photo_id`, `status`, `city`, `country`, `created_at`, `updated_at`) VALUES (77, '', '1993-07-04', 22493594, 'Culpa qui velit ut rerum numqu', 'Henrybury', 'Ghana', '2010-11-21 22:59:23', '2020-05-30 16:16:04');
INSERT INTO `old_profiles` (`user_id`, `gender`, `birthday`, `photo_id`, `status`, `city`, `country`, `created_at`, `updated_at`) VALUES (78, '1', '2005-12-10', 780223, 'Aut nesciunt et aut voluptatem', 'Torrancefurt', 'Trinidad and Tobago', '2011-02-03 20:43:57', '2020-09-17 23:43:56');
INSERT INTO `old_profiles` (`user_id`, `gender`, `birthday`, `photo_id`, `status`, `city`, `country`, `created_at`, `updated_at`) VALUES (79, '1', '1940-04-16', 22393, 'Veniam possimus est laudantium', 'Kirlinmouth', 'Benin', '2016-03-08 02:29:18', '2020-06-19 23:02:09');
INSERT INTO `old_profiles` (`user_id`, `gender`, `birthday`, `photo_id`, `status`, `city`, `country`, `created_at`, `updated_at`) VALUES (80, '1', '1950-03-17', 72, 'Ut temporibus in ut aut eum id', 'West Coralieton', 'Germany', '2020-08-02 18:30:08', '2020-07-22 15:54:49');
INSERT INTO `old_profiles` (`user_id`, `gender`, `birthday`, `photo_id`, `status`, `city`, `country`, `created_at`, `updated_at`) VALUES (81, '1', '1978-08-14', 692235207, 'Ab quia praesentium et nesciun', 'South Xanderhaven', 'Chile', '2016-08-11 14:05:31', '2020-08-16 03:27:41');
INSERT INTO `old_profiles` (`user_id`, `gender`, `birthday`, `photo_id`, `status`, `city`, `country`, `created_at`, `updated_at`) VALUES (82, '1', '1945-01-19', 551037639, 'Sit necessitatibus beatae sint', 'Aufderharside', 'Portugal', '2020-04-24 03:13:13', '2019-10-18 15:54:58');
INSERT INTO `old_profiles` (`user_id`, `gender`, `birthday`, `photo_id`, `status`, `city`, `country`, `created_at`, `updated_at`) VALUES (83, '', '1976-11-08', 0, 'Est fugiat eveniet cum repella', 'South Ewald', 'Tonga', '2014-04-07 20:33:38', '2020-02-05 17:39:17');
INSERT INTO `old_profiles` (`user_id`, `gender`, `birthday`, `photo_id`, `status`, `city`, `country`, `created_at`, `updated_at`) VALUES (84, '1', '1976-08-21', 223888, 'Veritatis aut quia et sunt. Co', 'Lake Justusstad', 'Gibraltar', '2019-01-02 09:32:44', '2020-05-23 04:53:26');
INSERT INTO `old_profiles` (`user_id`, `gender`, `birthday`, `photo_id`, `status`, `city`, `country`, `created_at`, `updated_at`) VALUES (85, '1', '1978-12-10', 7606, 'At iusto soluta nulla ullam al', 'Lake Taraberg', 'Japan', '2018-01-16 01:59:48', '2019-11-10 13:37:41');
INSERT INTO `old_profiles` (`user_id`, `gender`, `birthday`, `photo_id`, `status`, `city`, `country`, `created_at`, `updated_at`) VALUES (86, '1', '1984-03-24', 6209812, 'Minus molestiae neque mollitia', 'West Mohammadside', 'Sierra Leone', '2011-02-26 00:09:19', '2020-02-11 09:21:46');
INSERT INTO `old_profiles` (`user_id`, `gender`, `birthday`, `photo_id`, `status`, `city`, `country`, `created_at`, `updated_at`) VALUES (87, '', '1922-11-29', 0, 'Cum sint blanditiis est rerum ', 'West Barbara', 'Indonesia', '2017-07-13 19:21:12', '2020-04-20 11:34:49');
INSERT INTO `old_profiles` (`user_id`, `gender`, `birthday`, `photo_id`, `status`, `city`, `country`, `created_at`, `updated_at`) VALUES (88, '1', '1961-07-16', 9, 'Recusandae reiciendis est qui ', 'New Paxton', 'Syrian Arab Republic', '2018-07-18 17:33:40', '2020-01-21 18:26:46');
INSERT INTO `old_profiles` (`user_id`, `gender`, `birthday`, `photo_id`, `status`, `city`, `country`, `created_at`, `updated_at`) VALUES (89, '1', '2011-02-03', 5, 'Laborum accusamus velit sapien', 'Jeffreymouth', 'Trinidad and Tobago', '2014-01-01 11:16:00', '2020-05-11 19:46:57');
INSERT INTO `old_profiles` (`user_id`, `gender`, `birthday`, `photo_id`, `status`, `city`, `country`, `created_at`, `updated_at`) VALUES (90, '', '2000-03-28', 344661, 'Sed sequi porro delectus et. A', 'Farrellbury', 'Antigua and Barbuda', '2017-10-23 21:25:11', '2020-05-09 01:47:19');
INSERT INTO `old_profiles` (`user_id`, `gender`, `birthday`, `photo_id`, `status`, `city`, `country`, `created_at`, `updated_at`) VALUES (91, '', '1964-08-18', 8, 'Quam in ipsam est ipsam. Qui a', 'Rennerbury', 'Somalia', '2014-10-13 16:07:36', '2019-12-26 19:39:38');
INSERT INTO `old_profiles` (`user_id`, `gender`, `birthday`, `photo_id`, `status`, `city`, `country`, `created_at`, `updated_at`) VALUES (92, '1', '1955-09-11', 605, 'Accusamus distinctio distincti', 'Juanitafurt', 'Nigeria', '2018-08-08 18:22:22', '2020-09-03 02:59:12');
INSERT INTO `old_profiles` (`user_id`, `gender`, `birthday`, `photo_id`, `status`, `city`, `country`, `created_at`, `updated_at`) VALUES (93, '', '1979-01-17', 786630, 'Quia atque maxime est cupidita', 'New Alysa', 'Iraq', '2012-07-31 06:06:03', '2020-07-31 06:34:20');
INSERT INTO `old_profiles` (`user_id`, `gender`, `birthday`, `photo_id`, `status`, `city`, `country`, `created_at`, `updated_at`) VALUES (94, '', '1996-07-04', 536, 'Sapiente fugiat explicabo id c', 'North Alfredport', 'Cyprus', '2020-07-06 04:46:52', '2020-01-21 14:47:24');
INSERT INTO `old_profiles` (`user_id`, `gender`, `birthday`, `photo_id`, `status`, `city`, `country`, `created_at`, `updated_at`) VALUES (95, '1', '1964-05-25', 36065, 'Quam qui maiores nostrum conse', 'South Irmamouth', 'Netherlands', '2019-11-10 08:12:49', '2020-07-17 17:14:46');
INSERT INTO `old_profiles` (`user_id`, `gender`, `birthday`, `photo_id`, `status`, `city`, `country`, `created_at`, `updated_at`) VALUES (96, '', '2020-06-18', 854585, 'Atque corrupti voluptate quos ', 'South Jalon', 'Holy See (Vatican City State)', '2015-06-02 21:15:38', '2020-05-28 09:50:58');
INSERT INTO `old_profiles` (`user_id`, `gender`, `birthday`, `photo_id`, `status`, `city`, `country`, `created_at`, `updated_at`) VALUES (97, '', '1935-02-16', 9282466, 'Est vero ullam minus ipsum ear', 'Dewaynestad', 'Falkland Islands (Malvinas)', '2016-04-11 11:07:48', '2019-11-26 01:02:11');
INSERT INTO `old_profiles` (`user_id`, `gender`, `birthday`, `photo_id`, `status`, `city`, `country`, `created_at`, `updated_at`) VALUES (98, '1', '1933-04-15', 4309455, 'Omnis rerum consectetur deseru', 'New Verlie', 'Mexico', '2011-12-15 05:52:28', '2020-04-25 16:31:41');
INSERT INTO `old_profiles` (`user_id`, `gender`, `birthday`, `photo_id`, `status`, `city`, `country`, `created_at`, `updated_at`) VALUES (99, '1', '1943-03-18', 971943074, 'Totam perferendis architecto n', 'Port Velva', 'Montserrat', '2010-11-29 17:13:01', '2020-05-04 12:19:19');
INSERT INTO `old_profiles` (`user_id`, `gender`, `birthday`, `photo_id`, `status`, `city`, `country`, `created_at`, `updated_at`) VALUES (100, '', '1963-01-11', 9667041, 'Nihil fugit delectus fuga quo.', 'North Jennieburgh', 'Finland', '2015-12-01 04:22:23', '2020-07-03 06:43:52');


#
# TABLE STRUCTURE FOR: user_likes
#

DROP TABLE IF EXISTS `user_likes`;

CREATE TABLE `user_likes` (
  `id` int(10) unsigned NOT NULL COMMENT 'Whom liked',
  `liked_user_id` int(10) unsigned NOT NULL COMMENT 'Who liked',
  `created_at` datetime DEFAULT current_timestamp() COMMENT 'Creation time',
  `updated_at` datetime DEFAULT current_timestamp() ON UPDATE current_timestamp() COMMENT 'Update time',
  PRIMARY KEY (`id`,`liked_user_id`) COMMENT 'Composite key'
) ENGINE=InnoDB DEFAULT CHARSET=utf8 COLLATE=utf8_unicode_ci COMMENT='User likes';

INSERT INTO `user_likes` (`id`, `liked_user_id`, `created_at`, `updated_at`) VALUES (1, 6, '2020-04-07 04:47:33', '2020-09-14 09:25:01');
INSERT INTO `user_likes` (`id`, `liked_user_id`, `created_at`, `updated_at`) VALUES (1, 20, '2020-04-30 03:55:02', '2020-09-27 22:05:40');
INSERT INTO `user_likes` (`id`, `liked_user_id`, `created_at`, `updated_at`) VALUES (2, 69, '2020-06-29 18:25:12', '2020-09-16 22:02:42');
INSERT INTO `user_likes` (`id`, `liked_user_id`, `created_at`, `updated_at`) VALUES (2, 83, '2020-03-30 18:19:48', '2020-10-02 22:14:42');
INSERT INTO `user_likes` (`id`, `liked_user_id`, `created_at`, `updated_at`) VALUES (3, 8, '2019-11-22 14:45:16', '2020-10-11 09:36:58');
INSERT INTO `user_likes` (`id`, `liked_user_id`, `created_at`, `updated_at`) VALUES (3, 99, '2020-02-12 12:02:26', '2020-09-23 14:48:08');
INSERT INTO `user_likes` (`id`, `liked_user_id`, `created_at`, `updated_at`) VALUES (4, 25, '2019-11-14 23:30:57', '2020-10-10 04:42:20');
INSERT INTO `user_likes` (`id`, `liked_user_id`, `created_at`, `updated_at`) VALUES (4, 28, '2019-12-13 19:12:16', '2020-10-02 01:25:38');
INSERT INTO `user_likes` (`id`, `liked_user_id`, `created_at`, `updated_at`) VALUES (5, 53, '2020-02-28 03:26:14', '2020-10-04 15:27:05');
INSERT INTO `user_likes` (`id`, `liked_user_id`, `created_at`, `updated_at`) VALUES (5, 94, '2020-07-13 02:13:23', '2020-10-06 18:45:33');
INSERT INTO `user_likes` (`id`, `liked_user_id`, `created_at`, `updated_at`) VALUES (6, 37, '2020-05-03 22:31:45', '2020-09-25 20:13:14');
INSERT INTO `user_likes` (`id`, `liked_user_id`, `created_at`, `updated_at`) VALUES (6, 78, '2020-02-23 23:56:38', '2020-09-30 05:28:41');
INSERT INTO `user_likes` (`id`, `liked_user_id`, `created_at`, `updated_at`) VALUES (7, 56, '2020-09-05 21:23:17', '2020-09-21 23:20:11');
INSERT INTO `user_likes` (`id`, `liked_user_id`, `created_at`, `updated_at`) VALUES (7, 62, '2020-08-30 13:02:25', '2020-10-07 06:17:11');
INSERT INTO `user_likes` (`id`, `liked_user_id`, `created_at`, `updated_at`) VALUES (8, 11, '2020-04-07 10:37:11', '2020-09-26 20:55:07');
INSERT INTO `user_likes` (`id`, `liked_user_id`, `created_at`, `updated_at`) VALUES (8, 64, '2020-10-04 13:13:17', '2020-09-26 17:03:59');
INSERT INTO `user_likes` (`id`, `liked_user_id`, `created_at`, `updated_at`) VALUES (9, 57, '2020-02-04 15:38:05', '2020-10-12 19:21:21');
INSERT INTO `user_likes` (`id`, `liked_user_id`, `created_at`, `updated_at`) VALUES (9, 99, '2019-10-23 13:19:38', '2020-10-09 07:22:28');
INSERT INTO `user_likes` (`id`, `liked_user_id`, `created_at`, `updated_at`) VALUES (10, 49, '2020-05-28 17:15:27', '2020-09-24 08:30:52');
INSERT INTO `user_likes` (`id`, `liked_user_id`, `created_at`, `updated_at`) VALUES (10, 79, '2020-08-13 20:38:00', '2020-09-20 01:31:53');
INSERT INTO `user_likes` (`id`, `liked_user_id`, `created_at`, `updated_at`) VALUES (11, 11, '2019-11-23 20:36:16', '2020-09-25 19:33:15');
INSERT INTO `user_likes` (`id`, `liked_user_id`, `created_at`, `updated_at`) VALUES (11, 19, '2020-04-08 21:42:31', '2020-09-26 12:09:09');
INSERT INTO `user_likes` (`id`, `liked_user_id`, `created_at`, `updated_at`) VALUES (12, 36, '2019-10-17 16:24:51', '2020-09-29 03:52:15');
INSERT INTO `user_likes` (`id`, `liked_user_id`, `created_at`, `updated_at`) VALUES (12, 37, '2020-03-25 04:24:50', '2020-10-12 06:48:54');
INSERT INTO `user_likes` (`id`, `liked_user_id`, `created_at`, `updated_at`) VALUES (13, 74, '2020-08-14 18:40:41', '2020-10-09 15:11:13');
INSERT INTO `user_likes` (`id`, `liked_user_id`, `created_at`, `updated_at`) VALUES (13, 97, '2020-01-09 20:11:42', '2020-09-23 02:59:56');
INSERT INTO `user_likes` (`id`, `liked_user_id`, `created_at`, `updated_at`) VALUES (14, 64, '2019-11-17 09:11:48', '2020-10-11 06:59:41');
INSERT INTO `user_likes` (`id`, `liked_user_id`, `created_at`, `updated_at`) VALUES (14, 72, '2020-09-18 18:29:29', '2020-09-24 21:27:05');
INSERT INTO `user_likes` (`id`, `liked_user_id`, `created_at`, `updated_at`) VALUES (15, 27, '2020-09-03 18:06:05', '2020-10-06 00:24:45');
INSERT INTO `user_likes` (`id`, `liked_user_id`, `created_at`, `updated_at`) VALUES (15, 43, '2019-12-08 05:00:53', '2020-10-01 13:52:18');
INSERT INTO `user_likes` (`id`, `liked_user_id`, `created_at`, `updated_at`) VALUES (16, 5, '2020-05-16 04:47:47', '2020-10-12 16:00:22');
INSERT INTO `user_likes` (`id`, `liked_user_id`, `created_at`, `updated_at`) VALUES (16, 82, '2020-05-28 20:27:39', '2020-10-06 06:22:28');
INSERT INTO `user_likes` (`id`, `liked_user_id`, `created_at`, `updated_at`) VALUES (17, 63, '2020-03-29 02:44:33', '2020-10-04 10:06:59');
INSERT INTO `user_likes` (`id`, `liked_user_id`, `created_at`, `updated_at`) VALUES (17, 91, '2020-07-01 04:22:45', '2020-09-15 01:20:10');
INSERT INTO `user_likes` (`id`, `liked_user_id`, `created_at`, `updated_at`) VALUES (18, 60, '2020-01-28 07:06:46', '2020-10-07 23:10:10');
INSERT INTO `user_likes` (`id`, `liked_user_id`, `created_at`, `updated_at`) VALUES (18, 97, '2020-07-11 14:11:53', '2020-10-09 09:07:04');
INSERT INTO `user_likes` (`id`, `liked_user_id`, `created_at`, `updated_at`) VALUES (19, 39, '2019-11-18 23:40:33', '2020-10-03 06:11:41');
INSERT INTO `user_likes` (`id`, `liked_user_id`, `created_at`, `updated_at`) VALUES (19, 45, '2020-02-03 13:31:02', '2020-09-20 09:25:45');
INSERT INTO `user_likes` (`id`, `liked_user_id`, `created_at`, `updated_at`) VALUES (20, 53, '2019-12-12 09:38:26', '2020-10-04 22:22:40');
INSERT INTO `user_likes` (`id`, `liked_user_id`, `created_at`, `updated_at`) VALUES (20, 100, '2020-09-10 03:25:00', '2020-09-18 09:19:53');
INSERT INTO `user_likes` (`id`, `liked_user_id`, `created_at`, `updated_at`) VALUES (21, 71, '2020-09-20 00:46:27', '2020-09-15 09:59:37');
INSERT INTO `user_likes` (`id`, `liked_user_id`, `created_at`, `updated_at`) VALUES (21, 97, '2019-12-06 08:19:30', '2020-09-15 21:20:02');
INSERT INTO `user_likes` (`id`, `liked_user_id`, `created_at`, `updated_at`) VALUES (22, 68, '2020-09-26 21:30:41', '2020-10-02 04:05:25');
INSERT INTO `user_likes` (`id`, `liked_user_id`, `created_at`, `updated_at`) VALUES (22, 91, '2020-05-24 12:51:30', '2020-10-11 13:58:32');
INSERT INTO `user_likes` (`id`, `liked_user_id`, `created_at`, `updated_at`) VALUES (23, 49, '2020-02-08 22:01:42', '2020-09-30 01:40:13');
INSERT INTO `user_likes` (`id`, `liked_user_id`, `created_at`, `updated_at`) VALUES (23, 74, '2020-08-18 02:33:23', '2020-09-20 23:31:39');
INSERT INTO `user_likes` (`id`, `liked_user_id`, `created_at`, `updated_at`) VALUES (24, 60, '2020-04-09 20:05:35', '2020-09-15 04:40:28');
INSERT INTO `user_likes` (`id`, `liked_user_id`, `created_at`, `updated_at`) VALUES (24, 93, '2020-07-31 13:16:46', '2020-10-05 11:25:53');
INSERT INTO `user_likes` (`id`, `liked_user_id`, `created_at`, `updated_at`) VALUES (25, 82, '2020-03-07 06:57:54', '2020-09-21 03:33:52');
INSERT INTO `user_likes` (`id`, `liked_user_id`, `created_at`, `updated_at`) VALUES (25, 91, '2020-04-16 11:02:50', '2020-09-19 08:20:31');
INSERT INTO `user_likes` (`id`, `liked_user_id`, `created_at`, `updated_at`) VALUES (26, 4, '2020-09-24 06:04:23', '2020-09-29 22:34:22');
INSERT INTO `user_likes` (`id`, `liked_user_id`, `created_at`, `updated_at`) VALUES (26, 26, '2020-04-30 08:11:43', '2020-10-08 12:53:58');
INSERT INTO `user_likes` (`id`, `liked_user_id`, `created_at`, `updated_at`) VALUES (27, 57, '2020-09-02 04:50:52', '2020-09-20 20:03:15');
INSERT INTO `user_likes` (`id`, `liked_user_id`, `created_at`, `updated_at`) VALUES (27, 62, '2020-02-02 00:06:01', '2020-10-06 10:18:03');
INSERT INTO `user_likes` (`id`, `liked_user_id`, `created_at`, `updated_at`) VALUES (28, 53, '2020-09-27 11:19:47', '2020-09-20 22:23:47');
INSERT INTO `user_likes` (`id`, `liked_user_id`, `created_at`, `updated_at`) VALUES (28, 70, '2019-12-19 22:07:13', '2020-09-29 12:33:46');
INSERT INTO `user_likes` (`id`, `liked_user_id`, `created_at`, `updated_at`) VALUES (29, 2, '2020-05-22 02:07:47', '2020-09-14 15:01:56');
INSERT INTO `user_likes` (`id`, `liked_user_id`, `created_at`, `updated_at`) VALUES (29, 51, '2020-09-27 03:10:40', '2020-09-27 02:32:34');
INSERT INTO `user_likes` (`id`, `liked_user_id`, `created_at`, `updated_at`) VALUES (30, 7, '2019-10-29 05:13:16', '2020-09-28 21:01:22');
INSERT INTO `user_likes` (`id`, `liked_user_id`, `created_at`, `updated_at`) VALUES (30, 33, '2019-11-05 03:57:53', '2020-10-12 10:38:14');
INSERT INTO `user_likes` (`id`, `liked_user_id`, `created_at`, `updated_at`) VALUES (31, 60, '2020-01-02 14:48:55', '2020-09-19 10:56:18');
INSERT INTO `user_likes` (`id`, `liked_user_id`, `created_at`, `updated_at`) VALUES (31, 96, '2020-05-19 06:46:26', '2020-09-21 18:50:36');
INSERT INTO `user_likes` (`id`, `liked_user_id`, `created_at`, `updated_at`) VALUES (32, 21, '2020-03-24 00:19:14', '2020-10-04 04:15:59');
INSERT INTO `user_likes` (`id`, `liked_user_id`, `created_at`, `updated_at`) VALUES (32, 57, '2019-11-27 07:28:21', '2020-10-02 17:32:51');
INSERT INTO `user_likes` (`id`, `liked_user_id`, `created_at`, `updated_at`) VALUES (33, 16, '2020-05-06 01:11:57', '2020-10-03 03:44:33');
INSERT INTO `user_likes` (`id`, `liked_user_id`, `created_at`, `updated_at`) VALUES (33, 75, '2020-07-11 03:14:59', '2020-09-29 22:16:16');
INSERT INTO `user_likes` (`id`, `liked_user_id`, `created_at`, `updated_at`) VALUES (34, 68, '2019-10-27 18:28:30', '2020-09-17 19:56:19');
INSERT INTO `user_likes` (`id`, `liked_user_id`, `created_at`, `updated_at`) VALUES (34, 94, '2020-05-27 01:48:14', '2020-09-16 21:56:05');
INSERT INTO `user_likes` (`id`, `liked_user_id`, `created_at`, `updated_at`) VALUES (35, 46, '2020-03-21 17:46:09', '2020-10-10 15:19:43');
INSERT INTO `user_likes` (`id`, `liked_user_id`, `created_at`, `updated_at`) VALUES (36, 69, '2019-11-30 13:04:40', '2020-09-15 03:27:44');
INSERT INTO `user_likes` (`id`, `liked_user_id`, `created_at`, `updated_at`) VALUES (37, 71, '2019-12-04 09:05:20', '2020-10-11 22:34:51');
INSERT INTO `user_likes` (`id`, `liked_user_id`, `created_at`, `updated_at`) VALUES (38, 7, '2020-09-09 15:21:34', '2020-10-11 19:12:53');
INSERT INTO `user_likes` (`id`, `liked_user_id`, `created_at`, `updated_at`) VALUES (39, 32, '2019-11-17 06:41:42', '2020-09-15 01:04:05');
INSERT INTO `user_likes` (`id`, `liked_user_id`, `created_at`, `updated_at`) VALUES (40, 28, '2019-12-27 05:20:26', '2020-09-20 18:32:33');
INSERT INTO `user_likes` (`id`, `liked_user_id`, `created_at`, `updated_at`) VALUES (41, 56, '2020-02-23 10:54:57', '2020-10-11 23:41:01');
INSERT INTO `user_likes` (`id`, `liked_user_id`, `created_at`, `updated_at`) VALUES (42, 43, '2020-09-27 23:28:17', '2020-09-16 12:19:53');
INSERT INTO `user_likes` (`id`, `liked_user_id`, `created_at`, `updated_at`) VALUES (43, 64, '2020-09-05 23:23:31', '2020-09-22 10:44:41');
INSERT INTO `user_likes` (`id`, `liked_user_id`, `created_at`, `updated_at`) VALUES (44, 29, '2020-01-05 12:33:05', '2020-09-18 12:57:30');
INSERT INTO `user_likes` (`id`, `liked_user_id`, `created_at`, `updated_at`) VALUES (45, 6, '2020-04-06 19:13:51', '2020-10-12 19:37:15');
INSERT INTO `user_likes` (`id`, `liked_user_id`, `created_at`, `updated_at`) VALUES (46, 90, '2020-03-17 21:30:44', '2020-09-16 17:30:22');
INSERT INTO `user_likes` (`id`, `liked_user_id`, `created_at`, `updated_at`) VALUES (47, 33, '2020-06-25 17:30:47', '2020-10-09 10:18:57');
INSERT INTO `user_likes` (`id`, `liked_user_id`, `created_at`, `updated_at`) VALUES (48, 96, '2020-09-28 17:16:35', '2020-10-07 19:46:18');
INSERT INTO `user_likes` (`id`, `liked_user_id`, `created_at`, `updated_at`) VALUES (49, 50, '2020-08-07 09:39:59', '2020-10-13 16:41:53');
INSERT INTO `user_likes` (`id`, `liked_user_id`, `created_at`, `updated_at`) VALUES (50, 77, '2020-02-23 15:38:12', '2020-09-20 04:46:25');
INSERT INTO `user_likes` (`id`, `liked_user_id`, `created_at`, `updated_at`) VALUES (51, 95, '2020-01-05 22:02:11', '2020-09-23 13:40:45');
INSERT INTO `user_likes` (`id`, `liked_user_id`, `created_at`, `updated_at`) VALUES (52, 46, '2020-05-19 22:09:15', '2020-10-12 17:43:35');
INSERT INTO `user_likes` (`id`, `liked_user_id`, `created_at`, `updated_at`) VALUES (53, 68, '2020-06-05 01:11:11', '2020-10-04 17:48:20');
INSERT INTO `user_likes` (`id`, `liked_user_id`, `created_at`, `updated_at`) VALUES (54, 68, '2020-02-23 02:14:10', '2020-09-17 00:48:21');
INSERT INTO `user_likes` (`id`, `liked_user_id`, `created_at`, `updated_at`) VALUES (55, 38, '2020-08-28 13:56:56', '2020-09-26 14:16:02');
INSERT INTO `user_likes` (`id`, `liked_user_id`, `created_at`, `updated_at`) VALUES (56, 50, '2020-05-03 22:02:56', '2020-09-25 16:48:21');
INSERT INTO `user_likes` (`id`, `liked_user_id`, `created_at`, `updated_at`) VALUES (57, 72, '2020-04-18 20:02:35', '2020-10-08 09:50:20');
INSERT INTO `user_likes` (`id`, `liked_user_id`, `created_at`, `updated_at`) VALUES (58, 100, '2019-12-14 20:39:44', '2020-10-10 04:56:20');
INSERT INTO `user_likes` (`id`, `liked_user_id`, `created_at`, `updated_at`) VALUES (59, 20, '2020-02-02 19:16:52', '2020-10-01 09:27:54');
INSERT INTO `user_likes` (`id`, `liked_user_id`, `created_at`, `updated_at`) VALUES (60, 73, '2019-10-25 14:44:57', '2020-09-16 20:22:07');
INSERT INTO `user_likes` (`id`, `liked_user_id`, `created_at`, `updated_at`) VALUES (61, 6, '2020-06-26 06:07:15', '2020-10-08 11:21:44');
INSERT INTO `user_likes` (`id`, `liked_user_id`, `created_at`, `updated_at`) VALUES (62, 15, '2020-03-15 22:45:27', '2020-09-19 11:36:55');
INSERT INTO `user_likes` (`id`, `liked_user_id`, `created_at`, `updated_at`) VALUES (63, 94, '2020-09-18 18:30:38', '2020-10-06 12:45:59');
INSERT INTO `user_likes` (`id`, `liked_user_id`, `created_at`, `updated_at`) VALUES (64, 81, '2019-11-11 07:12:03', '2020-09-15 05:43:12');
INSERT INTO `user_likes` (`id`, `liked_user_id`, `created_at`, `updated_at`) VALUES (65, 9, '2020-05-27 17:51:16', '2020-09-28 04:33:41');
INSERT INTO `user_likes` (`id`, `liked_user_id`, `created_at`, `updated_at`) VALUES (66, 39, '2020-04-04 13:33:00', '2020-10-01 23:36:21');
INSERT INTO `user_likes` (`id`, `liked_user_id`, `created_at`, `updated_at`) VALUES (67, 49, '2020-08-04 00:26:16', '2020-10-07 07:35:21');
INSERT INTO `user_likes` (`id`, `liked_user_id`, `created_at`, `updated_at`) VALUES (68, 80, '2020-03-03 08:52:14', '2020-09-27 19:43:20');
INSERT INTO `user_likes` (`id`, `liked_user_id`, `created_at`, `updated_at`) VALUES (69, 46, '2020-06-06 00:15:49', '2020-10-12 13:43:48');
INSERT INTO `user_likes` (`id`, `liked_user_id`, `created_at`, `updated_at`) VALUES (70, 81, '2020-01-13 13:45:26', '2020-09-25 11:37:35');
INSERT INTO `user_likes` (`id`, `liked_user_id`, `created_at`, `updated_at`) VALUES (71, 7, '2020-05-26 04:25:58', '2020-10-03 11:45:11');
INSERT INTO `user_likes` (`id`, `liked_user_id`, `created_at`, `updated_at`) VALUES (72, 1, '2020-03-11 00:20:20', '2020-09-29 18:24:18');
INSERT INTO `user_likes` (`id`, `liked_user_id`, `created_at`, `updated_at`) VALUES (73, 23, '2020-07-23 13:14:24', '2020-09-28 20:36:23');
INSERT INTO `user_likes` (`id`, `liked_user_id`, `created_at`, `updated_at`) VALUES (74, 70, '2020-08-13 23:12:42', '2020-10-13 17:33:03');
INSERT INTO `user_likes` (`id`, `liked_user_id`, `created_at`, `updated_at`) VALUES (75, 29, '2020-05-03 19:22:40', '2020-10-05 11:30:22');
INSERT INTO `user_likes` (`id`, `liked_user_id`, `created_at`, `updated_at`) VALUES (76, 28, '2020-03-18 03:18:29', '2020-10-09 17:18:39');
INSERT INTO `user_likes` (`id`, `liked_user_id`, `created_at`, `updated_at`) VALUES (77, 59, '2020-10-06 07:18:27', '2020-10-05 23:01:56');
INSERT INTO `user_likes` (`id`, `liked_user_id`, `created_at`, `updated_at`) VALUES (78, 62, '2020-09-16 04:58:10', '2020-09-18 18:16:56');
INSERT INTO `user_likes` (`id`, `liked_user_id`, `created_at`, `updated_at`) VALUES (79, 24, '2019-12-27 09:38:47', '2020-10-10 11:50:54');
INSERT INTO `user_likes` (`id`, `liked_user_id`, `created_at`, `updated_at`) VALUES (80, 8, '2020-03-22 05:51:00', '2020-09-26 06:48:40');
INSERT INTO `user_likes` (`id`, `liked_user_id`, `created_at`, `updated_at`) VALUES (81, 39, '2020-01-15 16:14:57', '2020-10-09 13:22:24');
INSERT INTO `user_likes` (`id`, `liked_user_id`, `created_at`, `updated_at`) VALUES (82, 18, '2019-12-20 05:29:31', '2020-09-23 14:27:16');
INSERT INTO `user_likes` (`id`, `liked_user_id`, `created_at`, `updated_at`) VALUES (83, 53, '2020-04-28 22:55:00', '2020-09-21 16:26:20');
INSERT INTO `user_likes` (`id`, `liked_user_id`, `created_at`, `updated_at`) VALUES (84, 6, '2019-10-28 12:31:33', '2020-09-19 21:56:54');
INSERT INTO `user_likes` (`id`, `liked_user_id`, `created_at`, `updated_at`) VALUES (85, 86, '2020-07-03 07:58:48', '2020-10-02 22:44:49');
INSERT INTO `user_likes` (`id`, `liked_user_id`, `created_at`, `updated_at`) VALUES (86, 91, '2020-02-19 01:54:19', '2020-10-13 04:59:11');
INSERT INTO `user_likes` (`id`, `liked_user_id`, `created_at`, `updated_at`) VALUES (87, 55, '2020-06-06 12:39:05', '2020-10-04 00:31:30');
INSERT INTO `user_likes` (`id`, `liked_user_id`, `created_at`, `updated_at`) VALUES (88, 57, '2020-03-27 21:42:51', '2020-09-23 01:07:16');
INSERT INTO `user_likes` (`id`, `liked_user_id`, `created_at`, `updated_at`) VALUES (89, 91, '2020-06-17 11:40:08', '2020-09-27 20:38:07');
INSERT INTO `user_likes` (`id`, `liked_user_id`, `created_at`, `updated_at`) VALUES (90, 74, '2020-07-31 18:31:30', '2020-09-14 23:16:29');
INSERT INTO `user_likes` (`id`, `liked_user_id`, `created_at`, `updated_at`) VALUES (91, 30, '2020-01-30 17:06:33', '2020-10-08 07:18:40');
INSERT INTO `user_likes` (`id`, `liked_user_id`, `created_at`, `updated_at`) VALUES (92, 97, '2020-07-16 18:05:27', '2020-09-27 10:51:25');
INSERT INTO `user_likes` (`id`, `liked_user_id`, `created_at`, `updated_at`) VALUES (93, 89, '2020-06-15 15:09:35', '2020-09-19 22:15:26');
INSERT INTO `user_likes` (`id`, `liked_user_id`, `created_at`, `updated_at`) VALUES (94, 24, '2020-09-23 18:15:28', '2020-09-24 11:34:47');
INSERT INTO `user_likes` (`id`, `liked_user_id`, `created_at`, `updated_at`) VALUES (95, 77, '2020-05-03 15:40:36', '2020-09-15 06:45:08');
INSERT INTO `user_likes` (`id`, `liked_user_id`, `created_at`, `updated_at`) VALUES (96, 97, '2020-07-05 14:10:33', '2020-10-12 20:56:15');
INSERT INTO `user_likes` (`id`, `liked_user_id`, `created_at`, `updated_at`) VALUES (97, 62, '2019-11-21 08:22:07', '2020-10-10 17:19:24');
INSERT INTO `user_likes` (`id`, `liked_user_id`, `created_at`, `updated_at`) VALUES (98, 26, '2020-03-25 09:38:22', '2020-09-22 06:59:58');
INSERT INTO `user_likes` (`id`, `liked_user_id`, `created_at`, `updated_at`) VALUES (99, 77, '2020-07-24 16:44:28', '2020-10-13 01:43:19');
INSERT INTO `user_likes` (`id`, `liked_user_id`, `created_at`, `updated_at`) VALUES (100, 8, '2020-08-15 00:04:42', '2020-09-19 09:28:15');


#
# TABLE STRUCTURE FOR: users
#

DROP TABLE IF EXISTS `users`;

CREATE TABLE `users` (
  `id` int(10) unsigned NOT NULL AUTO_INCREMENT COMMENT 'Row id',
  `first_name` varchar(100) COLLATE utf8_unicode_ci NOT NULL COMMENT 'User name',
  `last_name` varchar(100) COLLATE utf8_unicode_ci NOT NULL COMMENT 'Last name',
  `email` varchar(100) COLLATE utf8_unicode_ci NOT NULL COMMENT 'e-mail',
  `phone` varchar(100) COLLATE utf8_unicode_ci NOT NULL COMMENT 'Cell phone',
  `created_at` datetime DEFAULT current_timestamp() COMMENT 'Creation time',
  `updated_at` datetime DEFAULT current_timestamp() ON UPDATE current_timestamp() COMMENT 'Update time',
  PRIMARY KEY (`id`),
  UNIQUE KEY `email` (`email`),
  UNIQUE KEY `phone` (`phone`)
) ENGINE=InnoDB AUTO_INCREMENT=101 DEFAULT CHARSET=utf8 COLLATE=utf8_unicode_ci COMMENT='Users';

INSERT INTO `users` (`id`, `first_name`, `last_name`, `email`, `phone`, `created_at`, `updated_at`) VALUES (1, 'Major', 'Nader', 'daniela.white@hotmail.com', '480.315.5757x5142', '2015-01-03 07:47:41', '2019-12-30 17:46:15');
INSERT INTO `users` (`id`, `first_name`, `last_name`, `email`, `phone`, `created_at`, `updated_at`) VALUES (2, 'Hilda', 'Gerlach', 'tre95@gmail.com', '(524)911-1271x18150', '2017-07-19 07:10:07', '2019-12-03 15:46:40');
INSERT INTO `users` (`id`, `first_name`, `last_name`, `email`, `phone`, `created_at`, `updated_at`) VALUES (3, 'Shawna', 'Macejkovic', 'mueller.mabelle@brekke.com', '398-598-5724x3827', '2017-11-28 02:13:35', '2020-07-17 15:28:12');
INSERT INTO `users` (`id`, `first_name`, `last_name`, `email`, `phone`, `created_at`, `updated_at`) VALUES (4, 'Joannie', 'Maggio', 'richie.ernser@runolfsdottir.com', '(057)440-0435x991', '2019-07-25 03:19:22', '2020-06-07 11:40:39');
INSERT INTO `users` (`id`, `first_name`, `last_name`, `email`, `phone`, `created_at`, `updated_at`) VALUES (5, 'Dallas', 'Bauch', 'tristin.hackett@yahoo.com', '(765)152-0718x82615', '2014-07-10 00:07:05', '2020-04-06 22:40:40');
INSERT INTO `users` (`id`, `first_name`, `last_name`, `email`, `phone`, `created_at`, `updated_at`) VALUES (6, 'Royce', 'Stamm', 'annabel.medhurst@hotmail.com', '616.843.0625x895', '2019-01-04 23:25:19', '2019-12-10 06:46:09');
INSERT INTO `users` (`id`, `first_name`, `last_name`, `email`, `phone`, `created_at`, `updated_at`) VALUES (7, 'Trey', 'Smith', 'nschmidt@gmail.com', '(550)486-1086', '2011-03-06 23:49:10', '2020-07-09 14:41:14');
INSERT INTO `users` (`id`, `first_name`, `last_name`, `email`, `phone`, `created_at`, `updated_at`) VALUES (8, 'Jon', 'Gutkowski', 'wveum@yahoo.com', '08354946857', '2011-08-15 22:10:23', '2020-08-11 16:46:23');
INSERT INTO `users` (`id`, `first_name`, `last_name`, `email`, `phone`, `created_at`, `updated_at`) VALUES (9, 'Daniella', 'Medhurst', 'hschmeler@quigleyharber.com', '(456)464-7495x73922', '2012-02-20 08:24:17', '2020-06-19 01:08:56');
INSERT INTO `users` (`id`, `first_name`, `last_name`, `email`, `phone`, `created_at`, `updated_at`) VALUES (10, 'Joy', 'Shanahan', 'laurine75@krisklein.com', '(714)306-2905', '2010-10-29 06:14:21', '2020-06-05 12:57:51');
INSERT INTO `users` (`id`, `first_name`, `last_name`, `email`, `phone`, `created_at`, `updated_at`) VALUES (11, 'Millie', 'Lemke', 'bethel99@hotmail.com', '101-628-0997x71325', '2014-07-26 02:53:18', '2019-11-15 15:47:48');
INSERT INTO `users` (`id`, `first_name`, `last_name`, `email`, `phone`, `created_at`, `updated_at`) VALUES (12, 'Reynold', 'Kris', 'kenya53@rowequigley.com', '744-614-5691x787', '2012-09-21 03:34:55', '2020-09-29 03:36:12');
INSERT INTO `users` (`id`, `first_name`, `last_name`, `email`, `phone`, `created_at`, `updated_at`) VALUES (13, 'Logan', 'Rutherford', 'usimonis@gmail.com', '365.321.8502x53717', '2011-11-24 23:30:58', '2020-07-18 15:39:05');
INSERT INTO `users` (`id`, `first_name`, `last_name`, `email`, `phone`, `created_at`, `updated_at`) VALUES (14, 'Madelynn', 'Braun', 'nannie.mckenzie@hotmail.com', '618-125-4508x592', '2018-02-04 01:14:53', '2020-06-29 17:53:43');
INSERT INTO `users` (`id`, `first_name`, `last_name`, `email`, `phone`, `created_at`, `updated_at`) VALUES (15, 'Litzy', 'Strosin', 'xzavier.treutel@hotmail.com', '583.271.7185x68582', '2015-02-20 05:53:50', '2020-06-21 10:02:57');
INSERT INTO `users` (`id`, `first_name`, `last_name`, `email`, `phone`, `created_at`, `updated_at`) VALUES (16, 'Isabell', 'Leannon', 'imani.will@miller.info', '08970674538', '2013-11-07 05:00:40', '2020-03-28 16:35:13');
INSERT INTO `users` (`id`, `first_name`, `last_name`, `email`, `phone`, `created_at`, `updated_at`) VALUES (17, 'Osvaldo', 'Bailey', 'gusikowski.fannie@darehaag.org', '06460432187', '2014-08-31 16:11:00', '2020-01-31 13:41:35');
INSERT INTO `users` (`id`, `first_name`, `last_name`, `email`, `phone`, `created_at`, `updated_at`) VALUES (18, 'Raleigh', 'Mueller', 'annie67@batzschinner.info', '(097)386-7944x3763', '2015-05-19 03:36:33', '2020-09-10 04:37:50');
INSERT INTO `users` (`id`, `first_name`, `last_name`, `email`, `phone`, `created_at`, `updated_at`) VALUES (19, 'Judah', 'Johnson', 'hickle.jerald@gmail.com', '+32(8)0806292346', '2018-04-12 10:56:56', '2019-11-28 11:34:49');
INSERT INTO `users` (`id`, `first_name`, `last_name`, `email`, `phone`, `created_at`, `updated_at`) VALUES (20, 'Mckenzie', 'Cassin', 'ugoldner@yahoo.com', '(297)761-9874x852', '2011-04-27 01:02:42', '2020-09-05 17:58:17');
INSERT INTO `users` (`id`, `first_name`, `last_name`, `email`, `phone`, `created_at`, `updated_at`) VALUES (21, 'Rod', 'Kuvalis', 'randall.hammes@yahoo.com', '223.046.2309x692', '2013-08-20 15:21:24', '2020-02-16 19:58:16');
INSERT INTO `users` (`id`, `first_name`, `last_name`, `email`, `phone`, `created_at`, `updated_at`) VALUES (22, 'Abagail', 'Hyatt', 'marks.brooklyn@sawayn.org', '(134)585-6512', '2016-08-04 02:55:58', '2020-02-27 15:07:44');
INSERT INTO `users` (`id`, `first_name`, `last_name`, `email`, `phone`, `created_at`, `updated_at`) VALUES (23, 'Cecelia', 'Ankunding', 'hoeger.meghan@bayervolkman.com', '(522)124-3782x904', '2016-09-08 09:05:47', '2020-09-12 10:58:05');
INSERT INTO `users` (`id`, `first_name`, `last_name`, `email`, `phone`, `created_at`, `updated_at`) VALUES (24, 'Harmony', 'Hagenes', 'tmacejkovic@hotmail.com', '(790)236-4772x834', '2017-03-06 14:21:20', '2019-10-25 05:49:20');
INSERT INTO `users` (`id`, `first_name`, `last_name`, `email`, `phone`, `created_at`, `updated_at`) VALUES (25, 'Quinn', 'Koch', 'ashton69@schaden.com', '04175694860', '2016-11-24 16:45:06', '2020-08-20 01:59:01');
INSERT INTO `users` (`id`, `first_name`, `last_name`, `email`, `phone`, `created_at`, `updated_at`) VALUES (26, 'Rachel', 'Howell', 'hgibson@flatley.biz', '(861)130-0935', '2019-01-17 05:05:34', '2019-10-15 08:25:58');
INSERT INTO `users` (`id`, `first_name`, `last_name`, `email`, `phone`, `created_at`, `updated_at`) VALUES (27, 'Coleman', 'Bayer', 'jimmie01@yahoo.com', '693-382-1610x756', '2011-11-17 20:55:17', '2020-08-03 10:20:19');
INSERT INTO `users` (`id`, `first_name`, `last_name`, `email`, `phone`, `created_at`, `updated_at`) VALUES (28, 'Micah', 'Kreiger', 'bhermann@hotmail.com', '161-156-7640x66137', '2012-07-23 16:56:56', '2020-09-15 12:43:54');
INSERT INTO `users` (`id`, `first_name`, `last_name`, `email`, `phone`, `created_at`, `updated_at`) VALUES (29, 'Ariel', 'Lebsack', 'nico64@collier.com', '568-718-0122', '2014-07-27 11:59:32', '2019-11-28 12:57:50');
INSERT INTO `users` (`id`, `first_name`, `last_name`, `email`, `phone`, `created_at`, `updated_at`) VALUES (30, 'Megane', 'Zulauf', 'luther84@gibson.com', '+19(5)6935612613', '2015-01-01 03:48:19', '2020-07-25 07:27:27');
INSERT INTO `users` (`id`, `first_name`, `last_name`, `email`, `phone`, `created_at`, `updated_at`) VALUES (31, 'Isabell', 'Dach', 'amely.waelchi@hotmail.com', '990-447-2353', '2020-01-14 21:22:29', '2020-09-01 18:50:25');
INSERT INTO `users` (`id`, `first_name`, `last_name`, `email`, `phone`, `created_at`, `updated_at`) VALUES (32, 'Katarina', 'Brekke', 'bahringer.brandyn@koelpin.com', '(563)422-5256x883', '2012-12-15 01:31:14', '2019-10-31 06:31:53');
INSERT INTO `users` (`id`, `first_name`, `last_name`, `email`, `phone`, `created_at`, `updated_at`) VALUES (33, 'Madelynn', 'Tillman', 'elliot.dubuque@yahoo.com', '907.999.5193', '2019-11-06 20:56:17', '2019-12-03 06:47:02');
INSERT INTO `users` (`id`, `first_name`, `last_name`, `email`, `phone`, `created_at`, `updated_at`) VALUES (34, 'Freddie', 'Eichmann', 'kub.eric@hotmail.com', '+07(6)8210461802', '2020-10-07 23:04:51', '2020-03-04 10:00:45');
INSERT INTO `users` (`id`, `first_name`, `last_name`, `email`, `phone`, `created_at`, `updated_at`) VALUES (35, 'Mabel', 'Lesch', 'fpaucek@yahoo.com', '1-718-213-6921', '2015-05-16 00:27:17', '2019-11-11 17:27:38');
INSERT INTO `users` (`id`, `first_name`, `last_name`, `email`, `phone`, `created_at`, `updated_at`) VALUES (36, 'Sven', 'Cummerata', 'qrogahn@yahoo.com', '1-608-486-3787', '2011-07-02 16:34:48', '2020-02-28 22:43:01');
INSERT INTO `users` (`id`, `first_name`, `last_name`, `email`, `phone`, `created_at`, `updated_at`) VALUES (37, 'Velda', 'Wunsch', 'upadberg@gusikowski.org', '845.645.2263x9640', '2013-06-11 02:39:10', '2020-07-22 06:15:01');
INSERT INTO `users` (`id`, `first_name`, `last_name`, `email`, `phone`, `created_at`, `updated_at`) VALUES (38, 'Jillian', 'Gaylord', 'ekihn@runte.net', '(617)127-5514x382', '2013-05-08 20:00:25', '2019-10-29 19:00:00');
INSERT INTO `users` (`id`, `first_name`, `last_name`, `email`, `phone`, `created_at`, `updated_at`) VALUES (39, 'Marta', 'Schuppe', 'bjacobson@gmail.com', '320.316.5760x06888', '2017-01-23 08:49:41', '2020-01-06 17:38:20');
INSERT INTO `users` (`id`, `first_name`, `last_name`, `email`, `phone`, `created_at`, `updated_at`) VALUES (40, 'Abbie', 'Kiehn', 'audie89@will.com', '1-477-220-3824x79253', '2019-04-15 08:22:16', '2020-07-15 16:27:50');
INSERT INTO `users` (`id`, `first_name`, `last_name`, `email`, `phone`, `created_at`, `updated_at`) VALUES (41, 'Monroe', 'Ratke', 'russel.jeramie@wuckertprosacco.com', '1-108-498-8646', '2019-12-05 20:21:50', '2020-03-16 23:34:37');
INSERT INTO `users` (`id`, `first_name`, `last_name`, `email`, `phone`, `created_at`, `updated_at`) VALUES (42, 'Evalyn', 'Gorczany', 'homenick.rebeka@yahoo.com', '527.218.2135x62719', '2019-12-22 08:45:55', '2019-11-30 15:52:19');
INSERT INTO `users` (`id`, `first_name`, `last_name`, `email`, `phone`, `created_at`, `updated_at`) VALUES (43, 'Caleigh', 'Russel', 'khalil90@yahoo.com', '1-717-568-1328x58641', '2011-05-18 23:07:46', '2019-10-24 11:18:14');
INSERT INTO `users` (`id`, `first_name`, `last_name`, `email`, `phone`, `created_at`, `updated_at`) VALUES (44, 'Chad', 'Feil', 'wilderman.ryleigh@wisoky.com', '(492)943-6400x52641', '2015-04-13 05:57:53', '2020-01-27 05:14:05');
INSERT INTO `users` (`id`, `first_name`, `last_name`, `email`, `phone`, `created_at`, `updated_at`) VALUES (45, 'Garrick', 'Bogan', 'ondricka.desmond@carroll.com', '(543)631-0833x3482', '2015-11-02 15:16:37', '2019-10-27 14:06:46');
INSERT INTO `users` (`id`, `first_name`, `last_name`, `email`, `phone`, `created_at`, `updated_at`) VALUES (46, 'Sheila', 'Runte', 'ezekiel.lehner@baumbach.org', '+23(7)1649671745', '2020-07-23 13:02:19', '2019-11-08 18:43:52');
INSERT INTO `users` (`id`, `first_name`, `last_name`, `email`, `phone`, `created_at`, `updated_at`) VALUES (47, 'Toby', 'Ward', 'akshlerin@emard.com', '1-114-465-5323', '2013-10-04 16:16:06', '2020-04-20 04:56:13');
INSERT INTO `users` (`id`, `first_name`, `last_name`, `email`, `phone`, `created_at`, `updated_at`) VALUES (48, 'Ricardo', 'O\'Reilly', 'tatyana.cruickshank@gmail.com', '(882)405-0253x450', '2017-11-15 11:51:50', '2019-11-18 00:53:34');
INSERT INTO `users` (`id`, `first_name`, `last_name`, `email`, `phone`, `created_at`, `updated_at`) VALUES (49, 'Jules', 'Jacobson', 'dewayne98@yahoo.com', '+72(6)6401235081', '2013-08-20 15:07:32', '2019-11-30 03:12:35');
INSERT INTO `users` (`id`, `first_name`, `last_name`, `email`, `phone`, `created_at`, `updated_at`) VALUES (50, 'Alba', 'Daugherty', 'odubuque@gmail.com', '341-986-1525x74335', '2017-01-07 21:07:28', '2020-02-11 13:24:41');
INSERT INTO `users` (`id`, `first_name`, `last_name`, `email`, `phone`, `created_at`, `updated_at`) VALUES (51, 'Bernadette', 'Muller', 'roxanne24@reingerkirlin.com', '1-345-715-9464', '2014-12-23 00:18:15', '2020-09-29 02:14:22');
INSERT INTO `users` (`id`, `first_name`, `last_name`, `email`, `phone`, `created_at`, `updated_at`) VALUES (52, 'Cleo', 'Abernathy', 'tremblay.kaley@ledner.info', '(678)051-2223', '2014-04-06 13:54:20', '2020-07-05 00:02:47');
INSERT INTO `users` (`id`, `first_name`, `last_name`, `email`, `phone`, `created_at`, `updated_at`) VALUES (53, 'Ruth', 'Nolan', 'kyle.gutmann@mcclure.com', '01282787338', '2017-01-17 21:24:17', '2020-09-24 04:07:54');
INSERT INTO `users` (`id`, `first_name`, `last_name`, `email`, `phone`, `created_at`, `updated_at`) VALUES (54, 'Ervin', 'Carter', 'hills.lukas@yahoo.com', '1-002-949-8599', '2015-04-02 13:05:19', '2020-04-12 02:46:43');
INSERT INTO `users` (`id`, `first_name`, `last_name`, `email`, `phone`, `created_at`, `updated_at`) VALUES (55, 'Derick', 'Hettinger', 'tyrese92@hotmail.com', '1-969-322-5718x47586', '2016-03-25 04:05:58', '2020-10-13 10:25:01');
INSERT INTO `users` (`id`, `first_name`, `last_name`, `email`, `phone`, `created_at`, `updated_at`) VALUES (56, 'Harold', 'Wiza', 'chloe.gottlieb@aufderharcrooks.com', '515-681-2655x639', '2011-01-25 01:28:10', '2020-01-25 08:28:22');
INSERT INTO `users` (`id`, `first_name`, `last_name`, `email`, `phone`, `created_at`, `updated_at`) VALUES (57, 'Rahul', 'Pfannerstill', 'javon.hartmann@yahoo.com', '04887869872', '2020-10-02 14:28:29', '2020-04-22 12:22:34');
INSERT INTO `users` (`id`, `first_name`, `last_name`, `email`, `phone`, `created_at`, `updated_at`) VALUES (58, 'Garnett', 'Buckridge', 'lauryn71@rohan.com', '902.281.0005', '2015-04-17 10:19:03', '2019-11-30 13:11:33');
INSERT INTO `users` (`id`, `first_name`, `last_name`, `email`, `phone`, `created_at`, `updated_at`) VALUES (59, 'Addison', 'Haley', 'wolff.margaretta@bosco.com', '020-099-3306x53490', '2016-08-10 20:48:05', '2020-03-31 14:52:51');
INSERT INTO `users` (`id`, `first_name`, `last_name`, `email`, `phone`, `created_at`, `updated_at`) VALUES (60, 'Simone', 'Torp', 'elza.lehner@kautzer.com', '(108)765-6505', '2017-05-23 13:50:09', '2020-10-08 18:23:40');
INSERT INTO `users` (`id`, `first_name`, `last_name`, `email`, `phone`, `created_at`, `updated_at`) VALUES (61, 'Brenda', 'Christiansen', 'kennedi32@hotmail.com', '(356)824-8828', '2016-08-20 09:46:03', '2020-04-13 21:11:23');
INSERT INTO `users` (`id`, `first_name`, `last_name`, `email`, `phone`, `created_at`, `updated_at`) VALUES (62, 'Jeffery', 'Pfeffer', 'osvaldo14@yahoo.com', '741.448.9827', '2020-03-22 22:13:12', '2020-02-07 08:55:50');
INSERT INTO `users` (`id`, `first_name`, `last_name`, `email`, `phone`, `created_at`, `updated_at`) VALUES (63, 'Demarco', 'Pouros', 'ankunding.kamryn@emmerich.net', '1-665-493-0058', '2015-11-02 19:06:55', '2020-01-19 00:27:59');
INSERT INTO `users` (`id`, `first_name`, `last_name`, `email`, `phone`, `created_at`, `updated_at`) VALUES (64, 'Bertram', 'Brakus', 'mgutkowski@hotmail.com', '602.638.0356x2378', '2019-10-28 20:48:07', '2020-01-08 20:29:09');
INSERT INTO `users` (`id`, `first_name`, `last_name`, `email`, `phone`, `created_at`, `updated_at`) VALUES (65, 'Berry', 'Reynolds', 'bernhard.javonte@yahoo.com', '1-756-346-9118', '2018-04-08 00:58:22', '2020-02-17 21:27:47');
INSERT INTO `users` (`id`, `first_name`, `last_name`, `email`, `phone`, `created_at`, `updated_at`) VALUES (66, 'Ransom', 'Swift', 'schamberger.neva@metz.biz', '(331)676-2099x91281', '2019-12-08 13:59:31', '2020-07-17 19:03:29');
INSERT INTO `users` (`id`, `first_name`, `last_name`, `email`, `phone`, `created_at`, `updated_at`) VALUES (67, 'Hollis', 'Little', 'forest.medhurst@mckenziekertzmann.biz', '(254)304-4359x115', '2013-11-04 20:32:08', '2020-07-13 12:36:18');
INSERT INTO `users` (`id`, `first_name`, `last_name`, `email`, `phone`, `created_at`, `updated_at`) VALUES (68, 'Andreane', 'Quigley', 'ward.reta@bernhardbode.com', '(462)055-1053x6758', '2020-01-25 03:25:45', '2020-02-21 12:46:01');
INSERT INTO `users` (`id`, `first_name`, `last_name`, `email`, `phone`, `created_at`, `updated_at`) VALUES (69, 'Elias', 'Bauch', 'ywindler@gmail.com', '1-123-708-4499x41348', '2015-09-25 00:27:27', '2019-10-20 19:45:13');
INSERT INTO `users` (`id`, `first_name`, `last_name`, `email`, `phone`, `created_at`, `updated_at`) VALUES (70, 'Samantha', 'Deckow', 'verdie.baumbach@hotmail.com', '130.474.8954', '2016-08-19 23:22:23', '2020-05-12 22:19:30');
INSERT INTO `users` (`id`, `first_name`, `last_name`, `email`, `phone`, `created_at`, `updated_at`) VALUES (71, 'Zoey', 'Howell', 'kiehn.sylvester@gorczany.info', '270-756-1181x0340', '2020-06-09 21:28:19', '2020-10-13 23:20:45');
INSERT INTO `users` (`id`, `first_name`, `last_name`, `email`, `phone`, `created_at`, `updated_at`) VALUES (72, 'Kailee', 'Schamberger', 'tony27@yahoo.com', '000.452.7389', '2019-03-21 16:36:34', '2020-05-31 20:40:48');
INSERT INTO `users` (`id`, `first_name`, `last_name`, `email`, `phone`, `created_at`, `updated_at`) VALUES (73, 'Katarina', 'Heller', 'margarette08@jaskolskijohnston.com', '872.000.4948', '2011-03-01 22:21:50', '2020-07-21 07:53:15');
INSERT INTO `users` (`id`, `first_name`, `last_name`, `email`, `phone`, `created_at`, `updated_at`) VALUES (74, 'Skyla', 'Blanda', 'elynch@schillerrempel.org', '206-272-3131', '2013-05-07 15:53:19', '2020-09-28 05:17:57');
INSERT INTO `users` (`id`, `first_name`, `last_name`, `email`, `phone`, `created_at`, `updated_at`) VALUES (75, 'Kaycee', 'Kutch', 'bmohr@hotmail.com', '184.550.4987x4367', '2019-10-30 07:34:43', '2020-03-22 09:19:36');
INSERT INTO `users` (`id`, `first_name`, `last_name`, `email`, `phone`, `created_at`, `updated_at`) VALUES (76, 'Delfina', 'Bins', 'hilpert.rene@yahoo.com', '1-759-372-9954', '2014-11-09 09:10:47', '2020-03-26 17:25:00');
INSERT INTO `users` (`id`, `first_name`, `last_name`, `email`, `phone`, `created_at`, `updated_at`) VALUES (77, 'Gilberto', 'Bogan', 'darren.hodkiewicz@raukirlin.info', '278.534.2603x40226', '2013-01-18 06:44:34', '2020-07-15 13:21:53');
INSERT INTO `users` (`id`, `first_name`, `last_name`, `email`, `phone`, `created_at`, `updated_at`) VALUES (78, 'Collin', 'Huels', 'felipe71@gmail.com', '815.411.9143x24825', '2013-08-14 14:07:07', '2020-07-13 17:21:01');
INSERT INTO `users` (`id`, `first_name`, `last_name`, `email`, `phone`, `created_at`, `updated_at`) VALUES (79, 'Alysha', 'McGlynn', 'grayce21@yahoo.com', '1-404-966-2009x81017', '2017-08-20 21:17:06', '2019-12-15 05:10:44');
INSERT INTO `users` (`id`, `first_name`, `last_name`, `email`, `phone`, `created_at`, `updated_at`) VALUES (80, 'Aryanna', 'Hoeger', 'liam.wehner@gmail.com', '+04(1)7686793346', '2011-12-09 00:56:47', '2020-02-26 10:37:18');
INSERT INTO `users` (`id`, `first_name`, `last_name`, `email`, `phone`, `created_at`, `updated_at`) VALUES (81, 'Jeremie', 'Conn', 'francis.zulauf@yahoo.com', '1-456-233-1522x5337', '2017-07-18 20:07:50', '2019-12-23 22:48:46');
INSERT INTO `users` (`id`, `first_name`, `last_name`, `email`, `phone`, `created_at`, `updated_at`) VALUES (82, 'Royce', 'Bode', 'kkerluke@yahoo.com', '+81(5)5929633548', '2013-05-17 18:02:46', '2019-10-18 09:03:01');
INSERT INTO `users` (`id`, `first_name`, `last_name`, `email`, `phone`, `created_at`, `updated_at`) VALUES (83, 'Clovis', 'Corkery', 'bauch.christine@yahoo.com', '+97(9)0165819056', '2015-12-27 11:11:08', '2019-12-24 22:53:42');
INSERT INTO `users` (`id`, `first_name`, `last_name`, `email`, `phone`, `created_at`, `updated_at`) VALUES (84, 'Kaylee', 'Langworth', 'vharvey@damorebrakus.com', '996.501.1821x685', '2011-11-28 19:55:00', '2020-08-04 15:53:51');
INSERT INTO `users` (`id`, `first_name`, `last_name`, `email`, `phone`, `created_at`, `updated_at`) VALUES (85, 'Megane', 'Friesen', 'veum.lexus@yahoo.com', '812-614-0476x5391', '2011-09-27 23:40:24', '2019-12-12 17:27:43');
INSERT INTO `users` (`id`, `first_name`, `last_name`, `email`, `phone`, `created_at`, `updated_at`) VALUES (86, 'Antonette', 'Herman', 'beatty.nia@mayermann.com', '(439)759-0996x48456', '2019-01-01 00:13:27', '2020-08-24 14:26:32');
INSERT INTO `users` (`id`, `first_name`, `last_name`, `email`, `phone`, `created_at`, `updated_at`) VALUES (87, 'Dallin', 'Kerluke', 'breitenberg.rebeka@hotmail.com', '02416628206', '2012-10-07 12:13:07', '2019-11-30 03:19:25');
INSERT INTO `users` (`id`, `first_name`, `last_name`, `email`, `phone`, `created_at`, `updated_at`) VALUES (88, 'Earlene', 'Lesch', 'schimmel.hulda@fahey.com', '1-599-058-6293', '2016-02-09 08:47:35', '2019-10-24 00:20:10');
INSERT INTO `users` (`id`, `first_name`, `last_name`, `email`, `phone`, `created_at`, `updated_at`) VALUES (89, 'Madison', 'Ernser', 'dietrich.leone@beckerernser.com', '(319)776-0991', '2020-08-19 22:53:44', '2020-04-05 17:08:44');
INSERT INTO `users` (`id`, `first_name`, `last_name`, `email`, `phone`, `created_at`, `updated_at`) VALUES (90, 'Jace', 'Effertz', 'ccole@altenwerth.net', '1-074-218-6861x0887', '2018-08-31 13:32:49', '2019-10-28 13:19:48');
INSERT INTO `users` (`id`, `first_name`, `last_name`, `email`, `phone`, `created_at`, `updated_at`) VALUES (91, 'Lane', 'Cormier', 'haag.margaret@lemkekutch.info', '+59(6)4583648971', '2018-05-02 07:17:26', '2020-02-17 21:49:20');
INSERT INTO `users` (`id`, `first_name`, `last_name`, `email`, `phone`, `created_at`, `updated_at`) VALUES (92, 'Marina', 'Cole', 'apaucek@lednerspinka.com', '+31(4)0290611543', '2015-10-09 07:18:05', '2020-08-19 05:00:38');
INSERT INTO `users` (`id`, `first_name`, `last_name`, `email`, `phone`, `created_at`, `updated_at`) VALUES (93, 'Eldora', 'Beatty', 'hirthe.eliza@marvin.com', '+58(6)7773789291', '2014-09-14 12:01:42', '2020-05-05 04:45:22');
INSERT INTO `users` (`id`, `first_name`, `last_name`, `email`, `phone`, `created_at`, `updated_at`) VALUES (94, 'Tremaine', 'Hilpert', 'xschuster@yahoo.com', '053.994.2417', '2019-05-13 11:05:22', '2019-10-29 00:25:24');
INSERT INTO `users` (`id`, `first_name`, `last_name`, `email`, `phone`, `created_at`, `updated_at`) VALUES (95, 'Emelia', 'Durgan', 'verda.shields@yahoo.com', '617-821-4718', '2011-09-21 19:55:49', '2020-05-24 12:14:12');
INSERT INTO `users` (`id`, `first_name`, `last_name`, `email`, `phone`, `created_at`, `updated_at`) VALUES (96, 'Nathen', 'Zboncak', 'jayde94@mraz.com', '745-474-1867x1258', '2019-05-03 02:39:17', '2019-11-11 04:49:18');
INSERT INTO `users` (`id`, `first_name`, `last_name`, `email`, `phone`, `created_at`, `updated_at`) VALUES (97, 'Ruthie', 'Marks', 'sporer.mireille@hotmail.com', '702.215.5826x5189', '2013-09-24 05:22:49', '2019-12-13 18:56:27');
INSERT INTO `users` (`id`, `first_name`, `last_name`, `email`, `phone`, `created_at`, `updated_at`) VALUES (98, 'Christiana', 'Goodwin', 'pwisoky@hotmail.com', '1-840-363-3696x4704', '2018-02-15 15:27:22', '2019-11-02 22:11:52');
INSERT INTO `users` (`id`, `first_name`, `last_name`, `email`, `phone`, `created_at`, `updated_at`) VALUES (99, 'Jarret', 'Graham', 'iliana54@yahoo.com', '1-582-805-7046x3134', '2014-09-13 03:24:26', '2020-01-10 06:19:53');
INSERT INTO `users` (`id`, `first_name`, `last_name`, `email`, `phone`, `created_at`, `updated_at`) VALUES (100, 'Madyson', 'Herzog', 'giovani.halvorson@thompsonkassulke.com', '1-321-030-2057', '2013-01-27 17:11:30', '2020-09-27 02:53:57');


